Position,Control_MNP_III_S56_L002,Control_MNP_II_S55_L002,Control_MNP_I_S54_L002,Only_MNP_C1_S57_L002,Only_MNP_C2_S58_L002,Only_MNP_C3_S59_L002,Only_MNP_C4_S60_L002,Plasmid_Ko_P1_S61_L002,Plasmid_Ko_P2_S62_L002,Plasmid_Ko_P3_S63_L002,Plasmid_Ko_P4_S64_L002,RNP_Cas1_S65_L002,RNP_Cas2_S66_L002,RNP_Cas3_S67_L002,RNP_Cas4_S68_L002
15921439,62,54,51,42,44,49,40,43,46,38,46,64,52,75,67
15921440,62,54,50,41,44,48,41,43,46,37,46,62,53,75,67
15921441,62,53,50,42,44,49,41,45,46,37,45,61,54,75,66
15921442,62,52,50,43,44,50,40,46,46,37,45,61,54,75,66
15921443,62,51,50,43,44,48,39,45,46,37,45,62,54,75,65
15921444,64,51,50,43,44,50,39,45,46,37,45,61,54,71,63
15921445,64,52,50,45,44,50,36,45,45,37,44,61,54,70,62
15921446,61,53,50,45,44,50,36,44,45,37,45,61,54,68,63
15921447,60,53,49,46,45,50,37,45,44,38,44,63,53,69,63
15921448,60,52,49,44,45,50,37,46,43,38,42,64,52,68,63
15921449,59,51,50,44,46,50,37,47,43,40,41,64,51,69,63
15921450,58,51,50,44,46,48,39,47,43,40,41,65,51,68,60
15921451,58,51,50,44,46,47,39,47,43,40,40,65,49,68,59
15921452,57,53,49,44,46,46,39,47,43,40,40,64,50,68,59
15921453,56,53,49,44,46,46,39,47,43,40,39,64,50,68,59
15921454,56,53,50,45,46,46,37,47,43,39,39,62,51,68,59
15921455,57,55,49,45,46,46,37,48,43,39,39,62,50,68,59
15921456,58,57,49,45,46,47,37,47,43,38,39,62,50,68,58
15921457,58,58,50,44,46,47,37,49,43,40,39,62,49,67,58
15921458,57,58,50,46,47,47,37,48,43,39,39,63,50,66,59
15921459,56,58,49,46,47,47,37,47,43,40,39,63,49,68,58
15921460,56,58,48,46,46,48,37,47,44,38,40,64,49,68,57
15921461,56,58,48,46,45,48,37,47,46,39,40,64,50,69,55
15921462,56,56,48,46,44,48,37,48,45,39,41,65,50,69,55
15921463,57,55,48,47,44,48,37,49,44,39,41,65,50,67,55
15921464,57,55,48,47,44,49,37,49,44,39,42,65,50,67,55
15921465,55,55,48,47,44,49,37,48,44,37,42,64,50,66,55
15921466,54,55,48,47,44,49,37,48,45,36,42,63,50,66,55
15921467,54,55,48,48,44,49,37,48,45,37,41,63,50,65,55
15921468,54,56,49,49,44,49,37,48,45,36,41,65,53,66,56
15921469,54,56,49,49,44,49,37,48,45,36,41,66,53,66,56
15921470,54,56,48,49,44,49,37,48,43,36,42,64,54,66,56
15921471,53,56,48,49,44,49,37,47,43,36,42,62,54,63,56
15921472,53,56,46,49,45,49,36,48,43,36,43,62,56,64,57
15921473,54,55,47,49,45,49,37,49,44,36,42,61,56,64,56
15921474,54,53,47,48,46,50,37,50,44,35,42,61,57,63,57
15921475,54,54,47,48,45,50,37,50,44,34,41,61,56,63,58
15921476,56,54,47,48,45,49,37,51,43,34,41,62,55,63,58
15921477,56,55,48,48,45,49,37,51,41,34,41,61,55,63,58
15921478,56,55,48,48,45,49,36,50,41,35,41,62,55,63,58
15921479,56,56,46,49,45,50,36,50,40,35,42,62,55,63,60
15921480,56,56,46,49,45,50,36,50,40,36,42,62,55,63,60
15921481,57,56,46,49,45,50,36,50,40,36,43,62,55,64,59
15921482,57,56,46,49,45,50,36,49,40,36,42,62,55,63,59
15921483,57,57,46,48,45,50,36,49,40,35,42,61,57,63,58
15921484,57,55,46,48,45,50,36,49,40,34,42,60,56,63,58
15921485,57,55,46,47,45,50,35,49,40,33,42,61,56,63,60
15921486,57,54,46,47,45,50,35,49,40,34,42,61,56,63,59
15921487,57,54,46,47,46,49,35,49,40,34,40,60,56,62,59
15921488,58,55,47,45,46,49,35,50,41,34,40,59,57,64,59
15921489,58,56,47,44,46,49,35,51,41,34,39,59,58,63,60
15921490,59,55,48,44,46,48,35,51,40,36,39,58,58,63,61
15921491,60,55,47,42,46,48,33,51,41,36,40,57,59,62,61
15921492,60,54,48,42,45,48,32,52,40,36,40,57,60,62,61
15921493,60,52,48,42,45,48,34,52,40,36,40,57,60,63,60
15921494,60,53,48,43,46,48,34,51,41,36,40,57,60,63,61
15921495,60,55,48,43,46,49,35,51,42,36,40,57,61,63,61
15921496,59,54,49,45,45,49,35,52,42,35,40,57,60,63,61
15921497,59,54,49,45,45,50,35,52,42,35,38,57,61,65,62
15921498,59,54,49,45,45,49,36,53,42,36,39,57,62,66,63
15921499,59,54,50,45,45,48,36,53,43,35,38,57,62,64,63
15921500,61,53,48,45,45,48,36,53,43,36,38,57,61,65,65
15921501,60,53,48,45,46,48,36,53,43,36,38,57,61,65,65
15921502,60,51,48,45,45,48,37,54,43,37,38,57,61,65,65
15921503,60,52,48,44,46,46,36,54,42,37,37,58,62,65,66
15921504,62,52,47,43,46,46,36,54,43,37,37,58,62,63,66
15921505,62,51,49,43,46,47,36,55,43,38,37,58,62,62,66
15921506,61,51,49,43,46,47,36,55,43,38,38,58,61,62,66
15921507,60,51,49,44,46,47,36,56,43,38,38,58,61,61,66
15921508,60,50,49,44,46,47,36,56,43,39,38,56,61,62,66
15921509,60,50,50,43,47,48,36,57,42,39,38,54,60,62,66
15921510,60,50,50,44,47,48,36,57,43,39,38,53,59,61,65
15921511,60,49,50,44,47,48,34,56,43,40,38,50,58,62,65
15921512,60,48,49,45,47,48,34,58,43,40,38,50,58,62,64
15921513,64,47,49,45,46,48,35,58,43,40,38,49,56,60,63
15921514,64,46,48,45,48,49,34,57,43,40,36,50,56,62,63
15921515,64,46,48,45,48,49,34,58,43,40,34,50,56,63,63
15921516,63,46,47,45,48,48,34,58,42,40,34,50,56,64,63
15921517,61,46,47,45,48,49,34,58,42,40,35,50,55,64,62
15921518,61,47,46,45,48,48,34,58,41,39,35,50,55,65,61
15921519,61,46,47,45,46,49,34,58,41,39,35,48,53,65,61
15921520,61,46,47,45,46,49,32,58,41,39,35,48,52,65,61
15921521,61,47,47,45,44,49,32,58,42,39,35,48,52,67,61
15921522,63,47,47,45,44,50,32,58,42,37,34,48,53,67,60
15921523,63,48,48,46,44,50,32,58,42,37,34,48,52,67,59
15921524,65,48,48,46,44,52,33,59,42,38,35,51,52,69,59
15921525,65,48,47,45,43,51,32,59,42,36,34,51,52,65,59
15921526,65,49,47,45,42,51,32,58,42,36,34,50,52,65,59
15921527,65,49,47,45,42,53,31,59,42,35,34,50,52,67,56
15921528,66,49,47,45,42,53,30,59,41,35,34,50,51,68,56
15921529,66,48,46,46,42,52,30,59,40,35,34,49,52,69,56
15921530,66,48,46,44,42,52,29,59,40,35,34,49,52,67,55
15921531,65,48,46,43,43,52,30,60,40,35,34,49,52,68,55
15921532,65,49,46,42,44,50,31,59,40,35,33,49,52,69,56
15921533,65,50,46,42,44,49,31,60,40,36,32,48,52,67,56
15921534,65,50,47,42,44,47,31,60,40,36,32,49,52,67,55
15921535,64,50,47,42,44,47,31,61,40,36,32,50,52,67,54
15921536,64,50,48,41,43,47,31,61,39,36,32,52,52,68,54
15921537,64,50,49,41,44,49,33,61,38,36,32,52,53,67,55
15921538,62,50,49,41,44,49,34,61,38,36,31,52,54,66,55
15921539,60,50,49,41,43,49,34,61,37,36,32,52,56,66,55
15921540,60,49,48,41,41,49,34,60,37,36,35,51,55,67,53
15921541,59,49,48,39,41,49,34,58,37,36,35,49,54,65,53
15921542,57,49,48,39,40,49,34,58,37,37,35,49,54,67,52
15921543,55,49,47,38,40,48,33,56,35,37,33,49,54,66,52
15921544,55,50,46,38,40,47,34,58,35,37,34,48,53,67,52
15921545,55,49,46,39,40,47,34,56,35,36,34,48,52,66,52
15921546,56,49,46,39,38,48,34,56,35,36,34,48,53,68,52
15921547,56,49,44,39,38,50,33,56,35,37,33,47,51,69,53
15921548,56,50,44,40,38,50,34,57,35,37,34,47,51,68,52
15921549,55,50,45,40,38,50,33,57,34,37,34,47,51,68,51
15921550,55,51,45,40,38,51,32,58,34,37,34,47,51,68,49
15921551,55,51,45,39,38,51,31,57,34,37,34,47,51,68,49
15921552,54,51,43,39,39,51,32,56,34,37,35,46,50,68,49
15921553,54,52,41,40,39,51,32,56,33,37,34,46,51,68,49
15921554,54,52,42,41,39,51,33,56,33,37,33,48,51,66,48
15921555,54,52,41,42,41,50,33,56,33,36,33,47,50,67,49
15921556,54,52,41,42,41,50,33,56,34,38,32,47,50,68,49
15921557,54,53,41,43,40,50,32,57,34,38,35,47,50,68,50
15921558,54,53,43,42,40,50,32,57,34,37,35,46,49,69,49
15921559,53,49,44,42,41,52,31,56,34,37,33,47,49,68,48
15921560,52,48,44,42,41,53,31,56,33,36,34,46,49,69,48
15921561,52,47,44,42,41,54,31,56,34,36,34,45,50,70,48
15921562,53,46,43,42,41,54,31,56,34,36,35,44,50,69,49
15921563,53,46,45,42,40,52,31,56,34,35,35,43,49,69,48
15921564,53,46,43,42,39,52,31,57,34,35,35,44,49,69,46
15921565,53,46,42,42,41,53,30,56,34,35,35,45,49,69,47
15921566,53,45,42,41,41,54,30,56,34,35,36,44,48,67,46
15921567,53,45,42,42,39,56,30,56,34,35,36,45,49,65,46
15921568,53,45,43,43,39,54,30,56,34,35,36,46,49,65,46
15921569,50,46,43,43,39,54,30,57,34,36,37,46,49,65,46
15921570,50,46,42,43,39,55,31,57,33,36,37,47,49,64,48
15921571,51,46,42,43,38,54,32,59,32,36,36,47,49,64,47
15921572,51,46,42,43,37,54,33,59,33,36,37,46,51,64,47
15921573,51,46,43,43,37,54,36,59,32,36,37,46,50,64,47
15921574,51,46,43,44,38,54,36,60,32,37,38,48,51,64,47
15921575,50,47,42,45,38,53,35,60,32,37,38,48,51,64,47
15921576,50,47,42,45,37,53,36,59,32,36,38,48,51,64,48
15921577,50,47,42,45,37,53,36,59,33,36,38,48,51,65,47
15921578,47,48,42,45,38,52,35,59,32,37,38,49,51,65,47
15921579,47,48,42,46,38,52,35,59,32,37,39,49,51,65,45
15921580,48,48,41,45,36,51,35,58,32,37,38,49,51,65,44
15921581,47,49,41,45,34,52,36,58,31,37,38,49,53,64,44
15921582,47,47,42,45,34,53,36,58,31,37,38,49,53,65,44
15921583,48,46,44,45,35,54,36,58,31,37,38,50,53,64,44
15921584,48,45,44,45,34,54,36,59,30,38,38,51,53,64,45
15921585,48,45,44,44,34,54,36,58,30,38,38,51,53,64,45
15921586,48,45,44,44,34,54,35,57,31,38,39,51,53,64,46
15921587,48,44,44,44,34,53,35,56,31,36,41,50,53,66,43
15921588,46,43,45,44,33,52,35,56,31,38,41,50,51,67,43
15921589,47,43,49,43,34,53,35,57,32,38,41,51,51,68,43
15921590,45,42,50,42,36,53,35,56,32,39,41,52,52,68,43
15921591,45,42,50,42,38,53,34,56,32,39,43,53,52,68,43
15921592,45,42,51,42,39,53,34,54,34,41,44,53,52,69,44
15921593,45,43,51,41,39,52,34,52,34,41,44,53,53,69,45
15921594,45,43,52,41,39,52,34,52,34,42,45,53,53,69,45
15921595,43,43,52,42,39,50,34,52,34,42,45,53,51,69,45
15921596,42,42,52,40,41,50,34,52,35,42,45,53,51,69,44
15921597,42,42,52,40,41,50,34,52,37,42,45,52,51,69,43
15921598,42,42,52,39,40,50,33,51,37,41,45,51,51,68,43
15921599,42,43,53,39,41,50,33,50,37,41,45,51,51,68,43
15921600,42,45,52,39,40,50,34,50,38,39,45,51,51,67,43
15921601,42,45,52,38,42,51,32,50,38,39,46,51,51,67,43
15921602,43,45,52,39,43,51,32,50,38,39,48,53,51,71,43
15921603,44,43,52,39,44,51,32,50,38,39,48,54,50,72,43
15921604,46,43,52,39,45,51,33,50,39,39,48,54,50,72,43
15921605,46,43,49,37,45,52,33,50,39,39,49,53,52,72,43
15921606,45,42,49,37,44,52,33,49,39,39,49,53,53,72,44
15921607,44,40,49,38,44,51,34,49,38,39,49,53,53,72,44
15921608,44,39,48,38,44,52,34,47,38,37,49,53,55,72,44
15921609,43,39,48,36,43,53,35,47,37,37,49,52,55,72,44
15921610,43,39,49,36,43,54,35,47,37,36,49,53,55,71,44
15921611,43,39,49,37,44,53,35,47,36,36,48,52,55,71,44
15921612,43,39,49,37,45,54,35,47,34,35,48,52,54,71,44
15921613,42,39,50,37,45,54,35,46,34,35,46,51,54,71,44
15921614,41,39,51,36,44,54,35,45,34,34,46,52,55,71,44
15921615,41,40,51,37,44,53,35,45,34,34,45,52,57,72,44
15921616,41,40,52,37,44,53,35,45,34,35,45,52,56,72,44
15921617,41,40,52,37,44,53,36,43,33,35,45,52,56,72,44
15921618,41,40,53,36,44,53,36,43,33,34,45,52,55,72,44
15921619,41,39,52,35,45,53,36,44,33,33,45,51,52,70,44
15921620,41,39,51,35,45,53,36,44,33,32,44,50,52,70,44
15921621,42,40,51,35,45,53,36,44,34,32,43,51,52,72,44
15921622,42,42,51,35,46,52,36,44,37,33,43,51,52,73,45
15921623,42,42,51,35,45,52,36,42,39,33,41,51,50,73,44
15921624,41,42,50,35,45,52,35,42,38,34,41,51,50,73,44
15921625,42,41,50,35,44,51,35,41,38,34,41,50,49,74,43
15921626,42,42,50,35,46,51,35,41,38,35,41,49,49,75,42
15921627,40,42,50,35,46,51,35,41,38,35,41,50,50,76,43
15921628,42,41,49,37,47,50,35,41,38,35,41,51,50,76,43
15921629,42,41,49,37,46,50,35,42,38,34,41,50,50,78,43
15921630,42,41,49,35,46,49,36,42,38,34,40,50,50,78,41
15921631,42,41,49,35,46,48,35,42,38,33,40,50,51,77,40
15921632,41,41,49,35,46,49,35,42,38,33,39,50,51,76,40
15921633,41,41,49,34,46,49,35,42,39,33,39,50,51,76,40
15921634,41,40,50,34,46,49,35,43,39,33,39,50,49,76,39
15921635,41,40,50,34,46,49,35,43,39,33,39,51,49,76,39
15921636,42,40,50,34,46,50,35,43,39,34,39,50,49,76,38
15921637,43,40,50,36,46,50,35,43,39,33,40,50,49,77,38
15921638,43,40,50,37,45,50,35,43,39,33,40,50,49,77,39
15921639,42,39,49,38,45,50,35,42,38,33,40,50,50,76,39
15921640,42,38,49,38,45,50,36,41,37,33,40,50,50,77,39
15921641,41,38,50,38,46,50,36,41,37,31,40,50,50,77,38
15921642,40,37,50,38,46,50,36,42,36,31,39,51,49,77,39
15921643,41,36,50,39,46,49,36,41,36,31,39,51,48,77,38
15921644,42,36,50,39,46,49,34,41,36,31,39,51,48,75,38
15921645,42,35,50,38,45,48,33,41,35,31,39,51,48,75,37
15921646,41,33,50,39,46,47,32,41,34,31,39,51,47,75,38
15921647,42,33,51,37,46,47,33,40,34,31,38,51,47,75,39
15921648,42,33,51,38,46,46,33,40,34,31,38,51,45,75,39
15921649,45,33,51,39,46,46,32,38,34,30,37,51,44,74,38
15921650,45,33,49,39,46,46,32,38,33,31,37,50,44,74,38
15921651,44,33,49,39,47,47,32,38,34,31,37,52,45,75,36
15921652,44,33,49,39,46,48,32,38,35,32,37,52,45,75,36
15921653,44,33,48,39,46,48,32,37,37,31,39,52,45,76,37
15921654,46,32,49,39,46,48,33,37,37,31,41,51,44,78,36
15921655,44,32,49,39,47,48,33,37,39,31,41,51,44,78,36
15921656,45,33,48,41,48,49,34,36,39,31,41,52,44,78,36
15921657,45,33,48,41,48,50,34,36,39,31,41,52,45,77,36
15921658,45,33,48,40,49,50,34,34,40,32,41,52,45,77,36
15921659,46,35,48,40,49,50,34,34,40,31,41,52,45,76,37
15921660,47,35,48,41,48,49,35,33,40,31,41,52,45,76,36
15921661,47,35,48,41,48,49,35,33,39,31,41,52,45,77,37
15921662,47,35,48,40,48,49,35,33,40,30,42,52,46,74,37
15921663,47,35,48,39,48,48,35,31,40,30,42,52,46,74,37
15921664,43,35,48,39,48,49,34,33,39,30,43,52,46,74,37
15921665,44,37,48,39,46,48,34,33,40,30,43,50,46,72,39
15921666,44,38,47,40,46,48,34,32,40,31,43,50,46,71,38
15921667,44,38,47,40,46,48,34,32,41,31,43,50,46,70,40
15921668,44,39,47,40,46,47,34,33,41,31,42,50,47,70,40
15921669,45,38,47,40,46,47,35,33,41,33,42,51,48,69,41
15921670,45,38,45,42,46,46,36,33,41,33,43,51,48,69,41
15921671,44,38,46,43,46,47,36,33,41,33,44,53,51,69,41
15921672,44,38,46,44,46,47,36,32,40,33,44,53,51,67,41
15921673,42,38,46,45,46,46,36,33,40,33,44,54,50,67,41
15921674,43,37,46,44,47,47,37,33,40,33,45,55,50,68,41
15921675,41,37,46,44,50,45,36,32,40,32,44,52,50,67,41
15921676,41,38,47,45,50,45,36,32,40,32,44,53,52,68,42
15921677,41,37,47,45,50,46,37,32,40,32,45,53,53,68,42
15921678,41,38,47,45,51,46,37,31,40,32,45,53,53,65,42
15921679,40,38,47,45,52,45,37,31,41,32,46,53,53,65,42
15921680,40,38,47,44,52,46,37,31,41,33,46,53,52,64,45
15921681,40,38,47,44,52,46,37,31,41,33,45,53,52,64,45
15921682,39,38,48,46,53,47,36,30,42,33,45,54,52,64,45
15921683,39,37,48,46,52,47,35,30,43,32,45,55,52,63,44
15921684,39,36,48,46,52,48,35,29,44,31,45,55,52,65,44
15921685,38,36,48,46,51,48,35,30,44,31,45,54,53,66,45
15921686,38,37,49,46,52,48,35,29,44,31,45,53,53,67,45
15921687,38,37,49,46,52,48,35,29,45,31,45,51,53,66,45
15921688,39,37,48,46,51,46,33,29,45,31,45,52,51,67,44
15921689,39,37,48,46,51,46,32,29,46,31,45,52,52,68,43
15921690,39,37,48,46,51,46,32,29,46,31,44,52,50,69,43
15921691,39,36,48,47,51,46,32,29,46,31,42,52,50,68,43
15921692,39,36,48,47,51,47,32,29,45,31,43,52,49,69,43
15921693,40,36,48,47,51,47,32,29,45,30,43,52,49,67,45
15921694,40,37,49,47,51,47,33,30,45,31,43,52,49,67,45
15921695,39,36,50,47,51,47,32,28,45,32,43,52,48,66,45
15921696,39,37,51,46,51,48,33,28,45,32,43,53,48,66,44
15921697,38,37,52,46,51,47,33,28,45,32,43,53,48,64,44
15921698,39,37,52,46,51,46,33,28,45,31,44,55,48,62,43
15921699,39,36,52,45,51,46,33,27,47,31,43,55,48,61,43
15921700,39,36,51,47,53,46,33,27,47,32,43,55,48,61,45
15921701,40,36,51,47,53,45,33,26,47,33,43,55,48,61,45
15921702,40,37,51,47,53,46,35,27,47,35,43,55,48,61,45
15921703,41,37,51,47,54,48,34,28,49,36,41,55,49,61,45
15921704,41,36,51,46,54,48,34,28,50,37,42,57,48,62,44
15921705,42,37,50,45,54,48,34,28,51,37,42,55,49,62,45
15921706,43,37,51,43,52,48,34,28,51,36,42,55,50,61,44
15921707,44,37,51,43,52,50,34,28,52,35,42,55,50,60,43
15921708,44,38,51,42,52,51,34,27,51,35,39,55,50,60,41
15921709,44,38,50,42,52,51,35,27,51,35,39,55,50,60,42
15921710,44,38,49,42,51,49,36,27,51,35,40,54,52,60,42
15921711,43,38,49,42,52,48,35,29,51,35,40,53,51,59,42
15921712,43,39,49,42,52,47,35,29,51,35,41,53,51,58,42
15921713,42,39,49,42,52,47,36,29,51,35,41,53,50,58,41
15921714,42,39,47,42,52,48,36,30,51,38,41,54,50,58,43
15921715,42,39,47,43,52,47,37,29,52,39,41,53,51,57,43
15921716,42,39,47,45,50,46,38,29,52,40,41,52,51,58,44
15921717,43,39,47,45,50,47,39,31,52,40,40,53,51,57,44
15921718,43,40,48,44,50,45,39,32,52,40,40,52,50,57,44
15921719,43,40,47,43,50,45,39,35,52,40,40,51,50,58,44
15921720,43,40,47,44,50,45,39,34,50,39,39,51,51,58,44
15921721,43,40,48,45,50,44,39,35,50,39,38,50,53,60,44
15921722,44,40,48,45,51,44,37,33,50,39,39,50,53,60,44
15921723,44,40,49,45,53,44,36,33,49,39,39,50,51,60,44
15921724,45,40,48,45,54,44,33,33,49,39,39,51,50,62,44
15921725,45,42,48,44,53,44,33,32,50,39,38,49,49,62,45
15921726,45,41,48,43,53,44,33,32,50,39,38,49,49,62,44
15921727,46,40,48,43,53,44,32,32,51,39,38,49,49,62,43
15921728,46,40,48,42,53,44,32,32,50,39,38,49,48,61,43
15921729,46,39,48,42,52,44,32,33,50,39,38,48,52,61,43
15921730,46,39,49,41,52,44,31,33,51,39,37,48,52,61,43
15921731,45,39,49,40,52,43,31,32,51,39,37,48,52,61,43
15921732,45,39,49,40,52,42,30,32,51,39,37,49,50,60,43
15921733,45,39,47,40,52,41,30,33,51,38,37,49,51,59,43
15921734,44,40,45,41,51,40,30,33,51,38,37,48,51,60,44
15921735,44,40,44,40,51,40,30,32,51,37,39,47,52,60,43
15921736,44,40,44,41,53,40,30,32,51,37,39,48,53,61,43
15921737,44,40,46,41,54,41,30,32,50,38,39,48,53,61,42
15921738,45,40,46,42,53,42,31,32,50,38,38,48,52,59,42
15921739,45,40,44,42,53,41,30,34,50,36,38,48,52,59,43
15921740,45,40,40,42,53,40,30,33,49,37,38,48,52,58,43
15921741,45,41,40,43,51,40,30,33,49,36,38,47,49,59,43
15921742,45,41,40,43,49,40,30,33,50,36,36,46,51,60,43
15921743,45,41,40,42,48,40,30,34,49,34,35,47,50,59,43
15921744,45,39,40,43,49,41,30,35,49,35,35,47,49,59,43
15921745,45,39,43,43,50,41,30,35,50,34,34,46,49,59,43
15921746,45,40,43,43,50,42,30,35,51,34,34,47,50,61,43
15921747,46,41,43,43,49,42,30,35,50,34,34,47,51,62,44
15921748,47,40,43,43,49,41,30,35,48,35,33,47,52,62,44
15921749,47,40,43,43,49,42,31,35,49,35,33,46,52,63,44
15921750,47,39,42,43,48,42,32,35,50,37,33,46,52,63,44
15921751,47,38,42,43,49,42,31,34,49,37,33,46,52,63,45
15921752,47,38,41,43,47,42,31,35,49,39,32,45,52,63,46
15921753,47,38,41,42,46,42,32,35,50,39,31,43,52,59,46
15921754,47,39,41,42,46,42,32,35,50,39,31,44,52,58,47
15921755,45,39,41,43,45,42,31,35,51,40,31,44,53,59,47
15921756,46,39,41,43,45,41,31,35,52,40,32,44,50,60,49
15921757,46,39,41,44,45,41,32,37,53,40,32,44,49,60,48
15921758,46,39,41,43,45,41,31,37,54,40,32,45,49,59,48
15921759,47,39,41,43,45,41,31,37,54,40,33,45,47,59,49
15921760,48,39,41,43,45,39,31,37,54,40,33,45,47,59,48
15921761,50,39,40,43,45,39,31,37,54,40,33,44,48,58,48
15921762,50,40,40,42,44,39,31,38,54,40,33,44,48,57,48
15921763,50,40,40,42,43,38,31,38,54,40,34,44,48,56,48
15921764,51,40,39,42,43,38,31,39,54,40,36,44,48,57,48
15921765,51,41,39,42,46,38,31,39,57,41,37,45,47,57,48
15921766,51,40,39,42,47,39,31,39,57,41,38,45,46,56,49
15921767,51,42,38,42,48,39,31,39,57,40,38,45,46,56,49
15921768,51,43,38,42,49,39,30,39,57,40,38,45,47,56,49
15921769,52,44,37,43,49,39,30,39,57,41,39,45,48,56,49
15921770,52,44,37,43,48,39,30,38,57,42,40,45,49,57,48
15921771,53,46,37,42,48,40,30,38,57,42,40,46,49,57,49
15921772,52,45,38,42,48,40,30,38,56,42,40,45,49,54,49
15921773,52,44,37,42,47,40,31,38,54,41,40,46,50,54,48
15921774,52,43,38,42,47,40,32,40,52,41,40,46,50,53,48
15921775,51,43,38,42,47,40,32,40,52,40,41,46,51,55,48
15921776,50,45,38,42,48,41,32,40,52,41,41,46,53,54,48
15921777,50,43,38,42,46,41,32,40,52,40,43,46,53,53,48
15921778,50,43,38,42,47,41,33,39,52,40,43,45,52,54,48
15921779,48,44,41,40,47,41,33,39,53,41,43,44,52,54,49
15921780,50,44,41,40,48,41,34,40,54,42,43,46,53,53,51
15921781,50,43,41,40,48,42,33,40,54,42,43,46,53,55,51
15921782,50,43,41,43,48,42,33,40,54,42,45,46,52,55,51
15921783,50,43,41,42,49,41,33,40,54,42,45,46,54,55,51
15921784,50,43,41,42,49,41,34,40,53,42,45,46,55,55,51
15921785,50,43,39,42,49,41,34,39,53,42,45,46,56,55,52
15921786,50,43,39,42,49,41,35,39,53,42,46,45,56,55,52
15921787,50,44,40,42,50,40,35,39,53,41,46,45,57,58,51
15921788,49,45,40,41,50,41,35,39,53,41,45,45,58,57,51
15921789,49,45,41,40,50,41,35,39,52,41,46,45,59,58,51
15921790,49,45,42,39,50,41,35,39,52,41,46,45,58,57,51
15921791,49,45,42,39,50,40,34,39,53,41,46,44,59,57,51
15921792,49,45,40,39,49,40,34,39,55,41,46,44,59,57,51
15921793,49,45,41,39,49,40,34,38,55,43,46,43,59,58,50
15921794,49,45,40,38,49,41,34,38,56,43,46,43,59,60,50
15921795,48,45,41,38,50,43,34,40,57,44,47,45,59,60,50
15921796,48,45,42,38,50,45,34,40,57,44,47,45,59,60,50
15921797,48,45,43,37,49,45,34,40,57,44,47,45,59,60,49
15921798,47,45,42,37,49,45,33,40,57,44,47,47,59,60,49
15921799,47,46,42,37,49,45,34,40,57,44,48,47,59,58,49
15921800,44,47,42,36,49,46,34,40,57,44,48,48,59,58,50
15921801,44,47,42,36,49,46,34,40,57,43,49,48,59,58,50
15921802,43,47,42,36,47,45,34,40,57,42,50,45,58,56,50
15921803,43,47,43,36,47,44,34,40,56,41,50,45,58,56,51
15921804,44,47,43,36,46,44,33,40,54,41,48,47,58,56,50
15921805,44,47,42,36,45,44,33,40,54,41,46,47,59,55,51
15921806,44,47,43,37,45,44,33,40,52,41,46,46,59,55,52
15921807,43,46,42,36,44,42,32,39,52,40,46,45,59,55,53
15921808,43,46,44,36,45,41,33,39,52,41,46,46,58,55,53
15921809,43,46,44,36,44,43,33,39,51,40,46,46,59,57,53
15921810,42,46,45,37,46,43,34,39,51,40,46,46,60,57,52
15921811,44,46,44,36,46,43,34,41,51,40,46,48,61,58,52
15921812,44,46,44,35,46,43,34,41,51,40,46,49,61,57,51
15921813,44,46,44,35,46,43,34,41,54,41,45,49,60,59,51
15921814,44,46,44,35,47,43,34,41,54,42,46,49,60,60,51
15921815,44,47,44,35,47,42,34,39,54,43,45,49,59,60,51
15921816,43,45,45,35,47,42,34,39,54,42,45,49,60,61,49
15921817,43,44,45,34,47,42,34,39,54,41,46,49,60,62,51
15921818,43,44,45,34,47,42,34,39,53,41,46,49,61,61,49
15921819,43,43,45,35,47,42,34,38,53,41,47,49,60,61,49
15921820,42,43,47,35,47,43,33,38,53,39,47,48,59,61,49
15921821,42,43,49,33,48,43,32,38,53,39,47,48,59,61,49
15921822,42,43,48,32,48,42,32,38,53,40,46,46,56,61,49
15921823,42,43,48,31,48,43,32,38,54,40,46,46,56,60,50
15921824,42,43,48,31,48,44,32,37,56,42,47,45,57,60,51
15921825,41,45,47,32,47,43,31,37,56,42,46,44,58,60,51
15921826,41,45,46,32,44,43,32,37,56,42,46,44,58,59,52
15921827,41,45,45,31,45,47,32,37,57,42,46,43,57,58,51
15921828,42,45,46,31,46,47,31,37,58,43,45,45,56,58,52
15921829,42,45,46,31,45,45,32,37,58,43,45,45,56,58,52
15921830,42,46,46,31,44,46,32,37,59,42,44,46,56,59,52
15921831,42,47,47,31,44,45,32,39,60,41,44,46,56,60,49
15921832,42,47,47,31,44,45,32,38,60,43,45,46,56,61,49
15921833,42,47,46,29,42,44,32,38,59,43,45,46,56,60,49
15921834,42,48,46,29,42,44,32,38,58,43,45,47,58,60,49
15921835,41,48,46,29,42,43,32,39,56,43,45,48,59,58,50
15921836,41,48,45,29,42,43,33,38,56,43,46,48,58,57,49
15921837,41,47,45,30,41,43,33,38,56,43,46,48,58,56,50
15921838,40,47,44,31,41,44,33,38,55,43,46,48,59,57,50
15921839,40,48,44,32,41,45,35,38,55,43,47,47,59,56,50
15921840,40,48,44,32,41,45,35,38,54,43,46,47,58,55,50
15921841,40,48,44,32,41,45,35,38,56,43,47,47,59,54,50
15921842,40,48,45,32,43,45,36,38,56,43,47,47,59,54,50
15921843,42,48,45,32,43,45,36,38,56,43,47,47,59,53,50
15921844,41,48,45,32,43,45,36,39,56,44,47,49,59,54,48
15921845,42,47,44,33,43,45,35,38,56,43,47,50,59,55,48
15921846,42,47,45,33,44,45,35,39,55,42,46,51,59,55,47
15921847,43,46,44,33,44,44,34,39,55,42,46,50,59,55,48
15921848,43,46,44,33,44,44,34,39,55,44,46,50,59,56,48
15921849,42,47,44,33,44,43,35,38,55,44,45,49,59,56,48
15921850,42,47,44,33,47,44,34,38,56,45,46,49,59,58,48
15921851,42,47,44,31,45,44,34,38,55,44,46,49,60,58,46
15921852,41,46,44,32,45,44,34,38,55,43,46,50,60,58,46
15921853,41,46,44,32,45,46,32,37,56,41,46,50,60,59,49
15921854,40,46,45,32,44,45,32,36,54,40,46,50,59,60,49
15921855,42,46,46,32,44,45,32,36,53,39,45,48,60,59,50
15921856,40,45,46,32,44,46,31,36,52,39,45,48,61,60,49
15921857,39,45,45,32,44,48,31,37,51,39,45,48,62,60,52
15921858,39,46,45,32,44,46,31,38,51,39,48,48,62,62,52
15921859,38,45,45,33,45,45,30,38,51,39,48,48,62,63,52
15921860,38,45,45,33,45,45,31,38,52,39,48,48,62,62,51
15921861,38,45,45,33,45,45,30,38,52,39,47,48,60,62,51
15921862,39,45,45,33,44,45,30,36,52,39,46,48,61,62,51
15921863,40,44,45,33,44,45,30,37,52,39,46,48,61,63,51
15921864,41,44,45,33,44,45,29,36,52,39,45,48,62,63,51
15921865,42,44,45,33,44,45,30,35,52,37,45,47,62,63,49
15921866,42,45,45,32,44,45,29,35,52,36,45,47,61,64,49
15921867,43,46,45,30,44,45,28,36,52,36,45,47,61,63,48
15921868,42,46,45,30,44,44,27,35,52,36,46,46,61,63,49
15921869,43,44,44,30,44,44,27,33,52,36,47,46,61,63,49
15921870,43,44,45,30,44,45,27,30,52,36,47,46,61,62,49
15921871,43,46,45,29,44,45,27,30,53,36,47,46,60,62,49
15921872,43,46,44,28,44,45,26,29,53,36,47,46,59,61,47
15921873,43,46,44,28,43,45,26,29,53,36,46,47,59,61,47
15921874,45,46,44,28,41,46,26,29,55,36,45,49,59,63,47
15921875,44,46,45,29,40,46,26,29,55,37,46,48,59,62,47
15921876,44,44,45,30,40,48,26,29,54,36,46,48,59,62,48
15921877,45,44,45,30,40,48,26,29,54,37,46,48,59,62,48
15921878,46,44,47,30,40,48,26,29,55,37,46,49,59,64,49
15921879,46,45,47,31,40,48,26,29,56,38,46,49,60,65,49
15921880,46,45,47,31,40,48,26,28,56,37,47,49,57,65,50
15921881,48,45,48,31,40,50,26,28,56,37,48,50,57,66,50
15921882,48,46,48,31,41,51,27,28,56,37,48,50,56,67,50
15921883,47,45,48,31,41,51,27,28,57,37,48,48,56,67,51
15921884,47,45,48,31,41,51,27,27,56,37,48,48,55,67,52
15921885,47,44,48,30,41,52,27,27,56,38,48,48,56,66,51
15921886,47,44,48,29,40,52,27,27,56,38,46,48,55,66,51
15921887,47,44,48,28,37,52,27,27,57,39,46,47,54,65,51
15921888,47,44,46,28,36,51,28,27,57,38,46,48,56,65,51
15921889,46,44,47,27,36,51,28,28,57,37,45,48,57,65,53
15921890,46,44,47,27,36,51,28,26,57,37,45,48,57,64,52
15921891,45,44,47,27,36,51,28,26,57,36,45,46,58,64,52
15921892,45,43,47,26,36,52,28,26,57,36,46,48,59,63,54
15921893,45,43,47,27,36,52,28,26,56,36,46,48,57,62,54
15921894,45,43,48,27,36,52,28,25,55,36,46,47,57,62,53
15921895,45,43,49,27,35,51,28,24,55,35,46,48,58,62,55
15921896,45,43,45,27,34,52,28,26,55,35,46,49,58,62,55
15921897,45,43,45,26,34,53,28,26,55,36,48,48,57,60,55
15921898,44,42,45,26,33,54,28,26,57,39,48,48,56,59,54
15921899,43,42,45,26,33,54,29,26,57,38,48,48,56,61,54
15921900,43,42,46,26,33,54,28,26,56,40,48,49,56,62,54
15921901,43,42,46,27,34,56,27,26,55,38,49,48,57,62,54
15921902,43,41,46,27,34,56,27,26,55,39,49,48,57,62,52
15921903,45,41,46,27,34,55,27,25,55,37,49,48,58,62,53
15921904,44,42,46,28,34,55,26,25,54,37,48,48,58,63,53
15921905,43,42,46,28,33,55,26,25,53,37,49,46,59,64,52
15921906,43,42,46,27,33,56,26,25,52,36,49,46,58,63,52
15921907,42,43,46,28,33,56,26,25,51,36,47,46,58,64,50
15921908,43,42,46,27,33,57,25,23,51,36,47,46,59,64,50
15921909,43,42,47,27,33,59,25,23,51,36,47,46,59,64,50
15921910,43,42,47,27,33,58,25,23,52,36,46,46,59,66,49
15921911,42,43,49,27,33,58,26,24,52,36,46,46,58,66,50
15921912,41,44,49,27,33,59,26,25,52,37,46,46,59,66,50
15921913,42,44,49,28,35,59,26,24,53,38,46,48,61,67,50
15921914,42,44,49,29,35,59,26,24,53,38,45,48,61,67,50
15921915,41,44,49,29,35,59,26,23,54,39,43,48,63,66,50
15921916,43,43,48,30,32,59,26,23,51,40,42,48,63,67,50
15921917,45,43,48,30,32,58,26,23,51,40,41,48,62,67,50
15921918,45,41,48,30,33,58,26,24,51,40,41,48,62,67,51
15921919,46,40,48,30,34,58,26,24,51,40,41,48,61,67,51
15921920,45,39,48,29,35,58,26,24,51,39,40,48,61,68,51
15921921,45,40,49,29,35,58,28,24,52,38,40,47,60,67,51
15921922,44,38,48,29,35,57,28,25,53,38,40,46,60,66,52
15921923,44,38,48,30,35,57,28,25,53,38,40,46,60,66,52
15921924,44,38,49,30,35,57,27,26,52,38,41,45,59,69,53
15921925,44,38,48,31,36,57,26,24,52,38,41,45,59,70,53
15921926,46,39,48,31,36,57,26,24,52,38,40,45,60,68,53
15921927,46,38,49,31,35,57,26,24,52,39,40,46,58,68,53
15921928,46,39,49,31,35,57,26,24,52,40,38,47,58,69,54
15921929,46,39,49,31,35,57,25,24,52,42,38,47,57,67,54
15921930,46,38,46,31,37,57,25,23,51,41,38,48,57,68,53
15921931,44,38,47,32,36,57,24,23,50,40,38,46,56,67,52
15921932,45,38,49,35,37,57,24,26,50,41,39,46,57,67,53
15921933,45,39,49,32,37,57,25,26,50,42,41,46,58,67,53
15921934,46,39,49,32,36,57,25,27,50,42,42,46,57,68,53
15921935,46,39,49,32,37,57,24,28,50,42,42,46,57,68,53
15921936,46,39,49,32,37,59,24,28,51,43,42,47,56,68,54
15921937,46,39,49,32,37,59,23,28,51,43,42,47,56,68,54
15921938,46,38,49,33,37,59,24,28,52,45,43,48,55,67,54
15921939,46,39,49,33,37,58,24,28,52,45,44,48,54,67,54
15921940,46,40,48,34,38,58,24,28,52,46,43,48,54,66,54
15921941,46,41,47,35,38,58,25,29,51,46,44,48,56,67,54
15921942,46,42,47,35,38,59,25,30,53,46,44,49,55,68,53
15921943,46,42,47,36,38,59,25,31,56,46,45,49,56,68,53
15921944,46,42,46,36,38,59,26,31,56,44,46,49,56,67,53
15921945,46,42,46,36,38,58,26,32,55,44,47,49,56,66,53
15921946,46,42,45,36,37,57,26,30,54,43,46,47,56,67,54
15921947,46,42,45,37,40,55,27,30,55,44,46,47,56,68,54
15921948,47,42,44,37,40,56,28,29,56,45,46,47,56,68,55
15921949,47,44,46,37,40,56,28,29,56,46,46,46,56,69,54
15921950,48,45,46,37,40,56,27,29,56,46,45,46,56,69,54
15921951,49,46,46,37,41,55,27,29,56,46,45,47,58,70,53
15921952,49,46,46,38,41,56,27,29,56,46,46,47,60,71,54
15921953,49,46,46,38,41,56,28,30,55,46,45,47,60,72,54
15921954,49,47,45,39,43,56,28,30,55,46,45,48,60,72,53
15921955,48,47,45,39,44,56,28,30,55,46,46,46,60,71,55
15921956,48,49,46,39,45,56,27,30,57,46,47,46,59,70,55
15921957,50,49,45,38,44,56,27,31,56,46,47,46,59,70,54
15921958,50,49,48,37,44,57,27,31,59,46,48,46,59,71,53
15921959,50,49,46,37,43,58,28,31,59,45,47,46,59,71,53
15921960,50,50,46,38,43,57,28,31,59,46,47,46,59,71,55
15921961,50,48,46,37,41,58,27,31,60,47,47,47,59,71,56
15921962,47,48,46,38,41,58,26,29,61,47,47,45,59,71,56
15921963,49,49,46,38,41,59,27,29,62,47,47,44,60,72,56
15921964,49,50,46,39,41,59,27,29,58,46,47,44,62,71,56
15921965,49,50,46,39,40,60,28,30,59,45,48,46,62,70,56
15921966,50,49,46,39,42,60,28,31,61,49,49,48,63,72,56
15921967,50,49,46,39,42,60,28,32,60,49,50,49,62,71,56
15921968,50,49,46,39,42,60,29,32,61,50,49,49,62,71,54
15921969,51,49,46,39,44,60,29,33,61,50,49,49,61,73,54
15921970,51,49,46,38,44,61,29,33,61,50,48,50,62,73,55
15921971,51,50,44,38,45,61,29,34,63,50,48,50,62,74,55
15921972,51,50,42,38,44,62,29,34,63,50,47,51,62,74,55
15921973,52,50,42,38,44,62,29,35,63,49,48,51,62,75,55
15921974,54,49,42,38,45,61,29,35,62,50,49,51,63,75,54
15921975,54,49,42,37,45,60,30,35,60,48,48,50,62,76,53
15921976,54,47,42,36,45,61,31,35,60,48,47,50,61,76,53
15921977,55,47,42,36,45,61,30,35,60,48,47,51,61,76,54
15921978,55,49,42,36,44,57,30,35,59,48,47,53,60,77,55
15921979,54,49,42,36,43,57,30,35,58,47,47,52,62,77,54
15921980,54,48,42,36,43,57,30,35,58,47,47,52,62,77,54
15921981,54,47,42,36,43,56,30,35,58,48,47,51,62,76,54
15921982,54,46,43,36,43,56,30,33,58,48,48,52,62,75,55
15921983,54,46,43,36,43,56,30,33,58,46,48,52,62,74,55
15921984,54,46,44,36,43,56,30,33,58,46,48,52,62,74,55
15921985,54,45,44,37,43,57,30,33,59,46,48,52,60,74,55
15921986,54,45,44,37,43,57,30,33,60,46,48,51,59,74,54
15921987,54,45,46,37,43,58,29,33,60,46,48,51,59,74,54
15921988,54,45,45,36,43,59,29,33,60,46,48,51,59,74,53
15921989,54,45,45,36,43,58,29,33,61,46,48,51,58,73,53
15921990,54,45,46,35,44,58,27,33,61,47,47,51,59,73,54
15921991,54,45,46,35,45,58,27,33,61,47,47,51,59,73,54
15921992,54,45,48,36,46,58,27,33,59,48,46,51,58,73,54
15921993,54,47,47,35,44,58,26,34,61,50,46,52,58,73,54
15921994,52,47,47,35,44,57,26,34,61,49,45,53,58,73,54
15921995,52,46,48,36,44,57,27,33,61,49,45,52,58,72,55
15921996,51,46,48,35,44,57,27,33,61,49,45,53,58,71,55
15921997,52,46,46,36,43,56,27,32,61,49,45,52,58,71,55
15921998,51,48,46,37,43,56,29,32,61,49,45,52,58,71,56
15921999,51,48,45,37,43,56,29,32,61,47,45,52,57,70,56
15922000,52,47,46,37,43,57,28,32,61,47,45,51,57,70,56
15922001,52,47,47,37,40,56,28,32,58,46,44,51,57,68,56
15922002,52,48,47,37,41,56,29,32,58,46,44,51,58,68,56
15922003,52,49,47,36,41,56,29,34,58,46,44,50,58,68,57
15922004,52,48,47,36,41,55,29,35,58,46,46,49,58,67,55
15922005,52,48,46,36,40,54,29,35,58,46,46,49,58,67,57
15922006,51,48,46,36,40,54,29,35,60,46,46,49,57,69,56
15922007,51,48,46,36,40,54,29,35,60,46,46,50,55,69,56
15922008,52,48,46,36,40,52,29,34,61,46,46,50,54,72,54
15922009,51,47,46,36,40,52,29,33,60,47,43,50,54,72,54
15922010,51,48,46,36,40,52,29,33,60,47,43,50,54,71,54
15922011,51,48,45,36,41,52,28,34,59,48,43,50,54,71,54
15922012,52,48,45,36,41,53,28,34,59,48,43,50,54,71,55
15922013,52,48,46,36,41,53,29,34,60,48,43,50,54,71,55
15922014,51,48,46,36,41,53,29,33,59,48,42,50,55,70,56
15922015,50,48,46,37,42,53,30,33,60,49,42,50,55,70,56
15922016,49,50,46,39,43,52,30,33,61,49,42,50,55,71,56
15922017,50,49,48,39,43,52,30,33,60,49,42,50,55,70,56
15922018,51,48,49,39,43,53,31,32,61,48,42,50,55,70,55
15922019,52,48,49,40,43,53,32,33,62,48,40,50,55,70,54
15922020,51,48,49,40,43,55,33,34,62,48,40,51,57,71,54
15922021,51,48,48,40,43,54,34,34,62,48,40,51,57,71,55
15922022,51,46,48,40,43,54,34,34,61,48,40,52,56,71,55
15922023,52,46,48,40,43,55,34,34,61,48,40,52,55,70,55
15922024,50,46,48,40,43,56,34,36,61,48,40,51,56,70,55
15922025,48,49,47,40,43,56,36,36,59,48,42,50,56,68,56
15922026,48,49,49,39,43,56,36,36,61,48,41,50,56,67,57
15922027,49,50,50,38,44,55,36,36,61,48,42,51,57,66,57
15922028,50,50,51,38,44,56,37,36,61,47,42,51,57,66,57
15922029,48,52,50,38,44,57,37,37,61,49,43,51,57,65,57
15922030,47,51,51,37,44,57,37,37,61,48,43,51,56,64,57
15922031,47,51,51,38,44,58,38,37,61,48,43,51,55,65,56
15922032,45,51,49,38,44,57,39,38,60,49,42,50,55,64,57
15922033,46,51,49,38,43,56,38,38,60,49,42,50,55,63,57
15922034,47,52,50,38,46,57,38,38,59,49,43,52,55,65,56
15922035,47,53,50,38,46,58,38,38,59,49,43,52,56,66,57
15922036,47,53,50,38,46,58,38,38,59,49,44,53,57,67,57
15922037,47,53,50,38,46,58,38,38,60,49,44,53,57,68,56
15922038,47,53,50,38,48,58,38,38,59,49,45,53,57,68,56
15922039,48,53,51,38,48,58,38,38,60,50,44,52,56,68,56
15922040,48,53,50,39,48,57,37,38,60,50,44,52,55,68,54
15922041,49,53,50,39,48,57,37,39,60,51,44,53,55,68,54
15922042,49,53,50,40,47,58,37,39,60,51,45,53,55,69,53
15922043,49,53,50,40,47,57,38,40,60,51,44,52,55,69,53
15922044,49,53,50,39,47,57,38,40,60,51,44,52,55,69,53
15922045,49,53,51,41,47,59,40,40,61,51,44,52,55,70,54
15922046,49,53,50,40,48,59,40,40,61,52,44,52,55,71,52
15922047,49,53,50,40,48,58,40,40,60,52,44,51,55,72,52
15922048,49,52,51,41,48,55,40,40,59,51,42,51,55,72,53
15922049,49,52,51,41,48,56,40,40,57,48,42,51,56,72,54
15922050,49,52,51,41,48,56,39,41,57,48,43,52,55,70,54
15922051,49,52,52,42,48,55,40,42,57,49,43,51,55,68,55
15922052,49,52,52,42,47,53,40,43,57,49,42,51,54,69,55
15922053,49,52,52,43,46,53,40,43,57,49,42,51,54,69,55
15922054,47,52,52,43,46,53,40,43,57,49,42,51,53,69,54
15922055,47,51,52,42,46,53,40,44,57,49,42,51,53,69,56
15922056,48,51,52,42,46,53,40,45,57,49,41,51,52,69,57
15922057,48,52,54,42,46,52,40,45,58,49,42,52,53,68,58
15922058,49,51,54,41,46,52,41,45,58,50,42,53,55,66,58
15922059,48,51,54,41,46,51,41,45,57,51,42,54,54,66,58
15922060,48,51,53,41,46,49,41,45,56,51,42,53,55,66,59
15922061,49,52,53,41,46,49,42,45,55,52,42,55,55,64,58
15922062,49,51,51,41,46,49,40,44,55,52,43,55,55,64,60
15922063,48,51,52,41,46,48,40,44,55,51,43,55,53,64,60
15922064,48,50,54,40,45,49,40,44,54,50,43,53,52,64,61
15922065,48,51,54,39,45,49,40,44,54,51,44,53,53,65,62
15922066,48,52,55,39,45,49,41,44,53,50,45,55,51,65,62
15922067,48,52,56,38,45,49,41,46,54,48,46,53,51,64,64
15922068,46,52,56,37,45,50,43,46,54,48,47,53,51,65,63
15922069,46,52,56,37,44,51,44,46,54,48,48,54,51,66,62
15922070,46,53,56,38,42,52,44,47,53,48,49,54,51,67,62
15922071,48,53,56,38,43,53,45,47,53,48,50,54,52,66,63
15922072,49,53,56,39,43,55,44,47,53,48,49,55,52,66,63
15922073,49,53,56,39,45,55,45,47,52,49,49,55,52,66,61
15922074,49,53,56,39,45,55,45,47,52,49,50,55,51,66,62
15922075,48,52,55,40,45,55,45,46,52,49,49,55,51,63,61
15922076,49,52,55,40,44,57,45,47,53,49,50,55,51,63,63
15922077,49,53,55,41,44,57,45,47,53,49,50,56,50,64,63
15922078,50,52,54,41,44,57,45,47,53,48,51,58,50,64,63
15922079,51,51,54,41,44,57,45,47,54,48,51,59,50,63,62
15922080,51,51,54,42,44,59,45,48,55,46,51,60,50,63,62
15922081,52,51,56,42,41,59,46,48,56,46,51,59,50,62,63
15922082,52,51,55,41,41,59,46,47,56,46,53,59,50,62,62
15922083,51,52,53,38,40,59,46,44,57,46,51,59,49,60,61
15922084,52,51,56,38,40,60,45,44,57,45,47,59,51,61,61
15922085,51,51,57,38,40,60,45,44,58,45,47,59,51,61,61
15922086,53,52,58,38,39,60,45,43,58,45,48,59,51,62,62
15922087,55,53,58,38,39,58,45,44,58,44,48,58,51,62,62
15922088,55,54,58,38,39,59,45,44,58,45,48,58,52,65,62
15922089,55,55,59,37,38,59,45,44,57,46,48,58,52,64,62
15922090,55,53,59,37,38,59,45,44,57,47,47,58,52,64,62
15922091,55,52,60,36,37,59,45,44,57,46,47,58,52,64,62
15922092,56,52,60,35,37,59,45,43,57,46,47,58,50,63,62
15922093,56,52,60,35,37,58,45,42,56,47,47,57,50,64,63
15922094,56,53,61,35,37,58,45,41,52,48,46,57,49,65,64
15922095,56,53,61,36,37,58,45,43,52,48,46,57,51,65,66
15922096,55,54,62,37,38,59,45,42,54,48,45,58,52,64,66
15922097,55,54,62,37,38,59,45,44,54,48,45,57,54,64,65
15922098,55,54,61,36,36,60,44,45,54,46,45,57,55,66,65
15922099,54,54,61,36,36,59,43,45,54,46,46,57,57,66,64
15922100,54,52,58,38,36,59,43,45,55,45,46,57,57,65,64
15922101,53,50,59,38,36,59,45,46,56,46,46,57,57,66,64
15922102,52,49,60,38,35,59,46,46,57,46,46,57,56,66,65
15922103,52,49,60,37,36,58,46,46,57,48,44,57,55,65,65
15922104,52,50,61,38,37,58,45,45,59,48,44,57,55,64,65
15922105,52,49,61,37,35,58,45,46,59,48,44,56,55,65,65
15922106,52,50,61,37,34,58,45,46,59,48,43,57,55,65,63
15922107,52,48,60,37,33,58,45,46,57,48,42,57,55,65,62
15922108,50,48,60,38,34,58,45,45,57,48,42,57,55,66,63
15922109,50,48,57,39,34,57,45,45,54,48,42,56,55,66,64
15922110,51,48,57,39,35,56,43,45,54,48,43,55,56,67,64
15922111,51,47,58,39,35,55,43,45,54,47,43,54,55,65,63
15922112,51,47,58,40,36,54,43,45,53,47,43,53,54,65,62
15922113,52,47,60,39,36,54,43,45,53,49,43,53,53,64,63
15922114,50,46,61,39,36,53,42,45,53,50,43,53,52,65,64
15922115,50,46,61,39,36,53,42,45,53,50,43,54,50,64,64
15922116,51,46,62,39,36,52,42,44,52,51,41,52,51,64,64
15922117,50,47,62,40,34,51,42,43,50,45,40,52,50,63,64
15922118,53,47,62,40,34,52,42,42,50,46,39,53,50,63,66
15922119,53,47,62,40,34,52,41,43,50,46,39,53,50,62,66
15922120,52,48,62,40,32,52,41,42,51,46,39,53,50,61,67
15922121,52,48,62,41,32,51,43,42,51,46,39,52,49,62,65
15922122,52,48,62,42,32,50,44,40,50,46,39,52,49,61,65
15922123,52,48,62,42,34,49,44,41,50,46,39,51,49,60,67
15922124,52,48,62,43,34,49,44,41,51,46,38,51,49,60,68
15922125,52,48,62,43,33,49,44,42,51,46,38,51,48,60,68
15922126,52,48,63,43,33,49,43,43,51,47,38,51,49,59,68
15922127,53,48,64,43,33,48,42,43,53,48,38,51,50,58,69
15922128,53,48,64,43,33,48,42,43,55,48,38,50,50,59,67
15922129,53,45,66,44,33,48,43,43,55,49,38,48,50,58,66
15922130,53,45,66,44,33,47,42,44,55,50,38,47,48,58,66
15922131,53,45,66,44,34,47,43,44,55,50,38,47,48,58,66
15922132,53,45,66,44,34,47,43,45,53,50,38,47,48,58,66
15922133,53,45,64,45,34,47,45,46,52,50,37,46,51,58,66
15922134,54,45,64,45,34,47,45,46,52,51,36,46,51,59,66
15922135,54,45,63,45,35,49,45,47,53,51,36,45,51,59,66
15922136,55,45,63,44,35,49,46,48,53,51,38,43,51,59,67
15922137,55,46,63,44,35,49,46,47,53,51,39,45,52,59,67
15922138,56,46,61,45,35,49,47,47,53,52,38,45,52,60,67
15922139,56,46,61,45,35,48,47,47,53,53,38,46,52,60,67
15922140,57,47,61,45,35,48,47,48,53,55,38,46,52,61,68
15922141,57,46,60,45,34,47,47,49,53,54,38,46,51,61,68
15922142,57,47,60,46,33,47,48,50,56,55,38,46,52,61,68
15922143,58,47,58,46,32,47,48,50,57,54,38,46,52,61,68
15922144,58,45,58,46,32,47,48,51,55,52,38,45,52,61,69
15922145,59,45,58,46,33,47,48,52,55,52,38,45,53,61,69
15922146,59,46,57,46,34,47,47,52,55,53,38,44,53,62,69
15922147,59,48,58,46,34,47,47,52,56,53,38,42,53,62,69
15922148,60,48,58,45,34,48,47,54,56,53,38,42,53,62,69
15922149,60,46,59,45,34,48,45,54,56,53,38,44,53,63,67
15922150,61,47,59,45,34,48,46,54,56,53,38,44,54,63,67
15922151,60,47,58,45,35,47,46,54,56,53,38,44,54,65,68
15922152,60,47,57,45,35,47,46,55,58,53,39,44,55,65,68
15922153,60,46,57,45,37,47,45,55,58,54,39,44,53,66,68
15922154,61,45,57,45,37,48,45,53,59,55,39,44,53,69,67
15922155,61,45,57,45,37,49,45,52,58,55,37,44,53,69,67
15922156,61,46,57,45,37,49,45,52,58,55,37,45,54,68,65
15922157,62,46,56,45,37,50,45,53,57,55,37,45,54,66,65
15922158,62,46,56,45,37,49,45,53,57,56,37,44,54,65,65
15922159,62,47,56,45,37,49,46,53,56,56,37,44,54,62,65
15922160,62,49,57,46,37,49,46,53,56,55,38,44,54,60,66
15922161,62,48,58,47,36,49,46,53,56,57,38,44,54,60,66
15922162,62,49,59,47,35,49,47,51,56,56,38,45,55,61,66
15922163,61,51,61,47,35,48,47,51,57,56,38,46,57,62,65
15922164,60,52,60,47,36,48,46,51,56,56,38,46,57,62,65
15922165,60,53,61,47,36,49,46,52,57,56,39,48,56,62,65
15922166,60,53,62,47,35,49,45,52,55,55,39,48,55,63,65
15922167,60,51,62,45,34,51,44,53,55,55,39,48,55,64,66
15922168,59,53,60,46,34,51,45,53,56,56,39,48,55,65,68
15922169,58,53,59,46,34,50,45,53,57,56,39,48,55,65,68
15922170,57,53,59,45,35,49,44,53,56,56,40,49,56,67,68
15922171,57,53,59,46,35,48,43,52,56,57,40,48,54,66,68
15922172,57,54,59,46,36,50,43,55,56,57,40,48,55,67,67
15922173,57,54,59,48,38,51,43,55,59,57,40,47,55,69,68
15922174,56,55,60,49,40,52,43,55,59,57,40,47,55,70,68
15922175,56,56,62,50,41,51,43,53,59,57,41,47,57,70,68
15922176,56,53,62,51,41,51,41,53,60,57,39,46,57,70,67
15922177,56,54,60,52,41,52,43,55,58,57,39,47,59,71,66
15922178,56,54,59,52,41,52,43,55,61,57,38,46,59,71,65
15922179,55,54,58,52,41,51,42,56,61,56,38,46,59,71,65
15922180,55,53,58,52,42,50,42,56,60,54,37,45,59,71,64
15922181,56,53,57,56,42,50,42,56,59,54,37,45,61,71,64
15922182,56,53,57,55,42,49,42,56,59,54,37,48,61,71,64
15922183,56,53,60,55,42,48,41,55,59,53,37,48,62,71,64
15922184,55,52,60,55,42,48,42,57,59,53,38,48,62,72,65
15922185,55,51,60,55,39,49,44,58,60,53,37,46,63,71,65
15922186,56,50,60,55,39,48,44,58,60,53,37,46,62,70,63
15922187,56,50,60,55,39,49,45,59,60,52,36,45,60,69,63
15922188,56,51,61,55,40,50,45,59,59,52,36,46,61,68,63
15922189,56,51,62,55,38,51,45,59,59,51,35,46,62,68,65
15922190,55,52,61,55,38,52,44,59,58,51,37,46,61,68,65
15922191,55,52,61,55,39,54,43,62,58,51,37,46,61,68,65
15922192,54,53,61,55,39,55,43,61,59,50,38,45,62,69,65
15922193,54,53,61,54,40,54,43,61,59,50,37,45,61,68,64
15922194,55,54,61,55,40,54,42,60,59,50,38,45,61,68,64
15922195,55,55,61,55,40,56,43,60,59,50,38,46,61,69,66
15922196,55,55,59,53,40,54,41,60,58,50,38,46,61,70,65
15922197,55,57,59,53,40,54,41,59,60,49,38,45,61,69,64
15922198,55,58,59,53,40,54,41,59,60,49,38,45,61,69,64
15922199,55,58,58,53,42,54,41,59,60,49,39,45,60,69,64
15922200,55,58,58,53,42,53,41,59,60,49,39,45,60,71,64
15922201,55,59,58,53,42,53,41,58,60,49,38,45,60,71,64
15922202,55,59,57,53,45,53,40,57,61,46,38,45,60,72,63
15922203,55,59,57,52,45,53,40,56,62,47,39,45,60,72,64
15922204,58,59,58,52,45,53,40,56,62,47,39,45,60,72,64
15922205,58,59,58,52,45,53,42,56,62,47,39,46,60,72,64
15922206,58,63,58,52,45,53,42,55,62,48,39,46,60,73,63
15922207,58,63,59,52,46,54,42,54,62,49,39,46,60,72,62
15922208,58,62,57,53,46,54,44,54,62,49,38,46,59,72,61
15922209,57,62,57,54,46,54,43,54,62,48,38,45,57,73,61
15922210,58,62,57,54,49,56,43,56,62,48,39,44,59,73,62
15922211,58,62,57,54,49,56,43,56,62,48,39,44,59,73,62
15922212,56,62,57,54,50,57,42,56,62,47,40,44,59,73,62
15922213,56,62,57,54,50,58,42,56,62,48,39,44,59,73,61
15922214,56,61,56,55,50,58,44,55,64,50,39,44,59,73,61
15922215,55,62,54,55,49,57,44,55,64,50,39,45,59,74,60
15922216,55,62,54,55,49,57,45,55,65,49,38,45,58,74,60
15922217,55,61,53,55,49,57,45,55,65,49,37,43,58,74,60
15922218,54,61,54,58,49,57,45,54,64,50,37,43,58,74,59
15922219,54,61,54,59,48,55,43,55,64,50,37,43,58,73,60
15922220,54,61,54,59,47,56,42,55,64,50,36,42,59,72,60
15922221,53,60,54,58,46,55,42,54,65,50,35,42,59,71,60
15922222,51,60,54,58,45,55,41,54,66,50,35,43,57,71,59
15922223,50,60,54,57,45,53,42,54,65,50,35,43,57,71,59
15922224,50,60,54,58,43,54,41,53,65,50,35,44,57,71,60
15922225,50,60,54,57,43,54,41,53,66,50,34,44,57,72,60
15922226,50,60,54,56,43,54,41,54,67,51,34,45,57,72,60
15922227,49,60,54,55,44,52,43,54,66,51,34,47,57,71,58
15922228,48,59,54,54,45,53,44,54,67,51,36,46,56,71,58
15922229,48,59,54,54,45,52,44,54,67,51,35,44,56,71,58
15922230,47,59,54,56,46,53,44,54,66,50,36,43,56,71,58
15922231,49,59,56,55,45,51,46,53,65,50,36,42,56,71,58
15922232,48,59,55,56,45,51,45,53,65,51,36,42,57,72,57
15922233,48,59,55,56,45,53,45,53,65,51,34,42,58,72,57
15922234,48,58,55,56,45,52,45,53,65,50,34,43,58,73,57
15922235,47,58,52,57,46,52,45,54,67,50,34,43,55,73,57
15922236,47,58,51,57,46,52,46,53,66,51,34,43,54,72,58
15922237,47,57,50,57,46,52,46,54,67,51,34,44,54,71,57
15922238,46,56,50,57,46,52,46,53,67,52,34,44,54,71,55
15922239,46,55,50,57,46,50,46,53,67,51,33,45,53,68,55
15922240,45,53,48,57,46,50,45,53,67,48,32,45,53,68,56
15922241,46,53,48,57,47,50,45,53,67,48,32,46,54,69,57
15922242,48,54,47,57,47,50,45,54,68,50,32,47,53,69,56
15922243,47,53,47,58,47,50,44,54,68,50,31,47,53,69,55
15922244,47,52,48,59,47,51,44,54,67,51,31,47,54,68,55
15922245,48,51,48,60,47,51,45,54,67,50,31,47,54,67,54
15922246,48,51,48,59,47,51,44,52,68,50,30,47,52,68,54
15922247,48,50,47,59,46,50,46,52,67,50,30,46,51,68,54
15922248,49,53,47,59,45,49,46,50,69,51,30,46,49,68,54
15922249,49,53,47,59,46,49,47,50,68,52,30,45,48,65,54
15922250,49,53,48,59,47,49,47,50,70,53,29,45,47,67,54
15922251,49,53,48,57,47,49,47,50,69,53,30,45,47,67,54
15922252,49,53,47,56,47,49,45,50,68,52,30,45,48,66,55
15922253,50,52,46,56,47,49,45,51,67,54,30,44,47,66,56
15922254,50,52,46,58,47,50,45,51,69,52,30,44,46,70,55
15922255,51,51,46,58,48,50,46,51,68,52,30,45,47,70,55
15922256,51,52,47,58,48,50,46,50,68,53,34,45,47,71,55
15922257,51,51,47,58,49,52,46,50,68,53,34,44,48,71,55
15922258,50,51,47,58,49,53,46,51,68,53,34,44,49,71,55
15922259,49,51,48,58,48,53,46,51,68,54,35,44,49,70,54
15922260,49,51,48,57,48,53,47,51,69,54,34,45,49,69,53
15922261,48,51,49,57,47,53,48,53,69,54,33,45,49,68,53
15922262,48,51,48,56,48,54,51,54,70,54,33,45,49,68,53
15922263,48,51,47,55,47,54,51,54,71,53,34,46,50,68,53
15922264,47,53,45,56,47,55,52,54,70,51,34,46,50,68,52
15922265,47,54,44,56,47,55,52,54,69,50,35,46,50,66,51
15922266,47,54,45,57,47,56,53,55,70,51,35,45,50,67,51
15922267,46,54,44,57,47,56,52,55,70,50,35,46,49,67,51
15922268,46,53,44,56,47,56,53,55,71,50,35,46,49,66,52
15922269,43,53,44,56,47,55,53,55,71,49,35,44,49,66,51
15922270,43,54,44,56,47,56,53,54,70,49,35,44,49,66,51
15922271,43,53,45,56,47,57,53,55,70,49,35,44,49,66,51
15922272,43,54,45,55,47,57,51,55,70,49,35,44,49,66,51
15922273,44,54,45,54,46,57,50,55,69,49,36,44,49,66,51
15922274,43,54,45,54,44,57,50,55,69,52,36,46,50,66,49
15922275,43,54,45,53,44,58,51,55,68,52,37,46,50,66,48
15922276,43,56,45,53,44,61,51,56,68,51,36,46,51,66,48
15922277,43,56,44,54,44,61,51,55,68,50,36,46,50,68,50
15922278,43,56,43,54,44,61,52,55,66,49,36,47,49,68,49
15922279,42,56,45,55,45,61,54,55,64,49,36,47,50,68,50
15922280,42,56,43,55,45,61,53,56,64,48,36,47,50,68,50
15922281,42,56,42,55,45,61,53,55,64,47,36,47,50,68,50
15922282,43,56,42,55,45,61,52,55,64,47,36,49,50,69,49
15922283,43,56,43,55,45,61,52,54,65,47,36,50,50,70,50
15922284,43,56,44,54,45,61,52,53,65,47,35,50,49,72,49
15922285,42,56,45,54,45,62,52,53,65,46,35,52,49,72,49
15922286,42,56,46,55,44,61,52,51,64,46,35,52,49,72,50
15922287,41,56,47,56,44,60,51,51,63,46,34,52,48,74,51
15922288,41,55,48,56,46,61,52,51,62,47,33,50,48,74,51
15922289,40,55,48,55,46,60,51,52,63,46,33,50,49,74,52
15922290,41,55,50,55,46,61,51,53,63,45,33,49,50,75,52
15922291,40,55,50,54,47,61,51,52,62,43,33,49,51,74,52
15922292,39,55,50,55,47,61,51,51,62,43,35,49,52,75,51
15922293,39,55,50,54,47,63,50,50,61,42,35,49,51,75,51
15922294,38,55,51,55,48,64,50,50,61,43,35,49,51,75,52
15922295,39,55,51,55,48,64,50,48,61,43,36,48,51,75,51
15922296,38,57,51,56,47,64,50,47,61,44,36,48,50,75,51
15922297,40,56,51,56,46,64,50,48,62,43,37,48,50,75,50
15922298,40,54,50,56,47,64,51,48,62,43,37,48,52,75,50
15922299,38,54,50,57,47,63,51,46,63,43,38,48,52,76,51
15922300,39,54,50,57,47,63,51,47,64,45,38,47,53,77,52
15922301,38,55,50,57,48,63,51,47,64,45,38,47,53,77,53
15922302,38,57,51,58,47,64,52,48,66,45,38,47,54,75,53
15922303,38,60,51,59,47,64,52,47,64,46,37,47,54,78,53
15922304,38,60,52,59,44,64,53,47,63,45,37,48,54,77,53
15922305,37,60,52,59,44,63,53,47,62,44,37,49,54,74,53
15922306,38,60,52,60,44,61,53,47,62,44,37,49,55,75,53
15922307,39,59,52,60,44,63,53,49,62,44,37,48,54,76,53
15922308,37,60,52,61,44,63,53,49,61,45,37,50,54,76,54
15922309,38,61,52,64,44,63,54,49,64,44,38,50,53,76,55
15922310,38,61,52,65,46,64,54,49,64,44,38,50,53,76,55
15922311,38,59,52,66,46,64,55,50,64,44,37,50,54,76,54
15922312,38,59,51,64,46,64,56,50,64,43,37,50,55,76,54
15922313,38,58,51,64,47,64,56,50,64,43,37,49,55,75,54
15922314,38,56,49,64,48,64,56,51,64,43,37,48,53,74,56
15922315,40,56,49,64,49,64,57,51,65,43,37,48,53,74,56
15922316,40,55,48,65,49,64,57,50,65,43,37,46,53,77,55
15922317,40,55,47,65,49,64,57,50,65,43,37,46,53,77,55
15922318,40,54,47,66,51,62,57,50,65,42,37,46,53,76,55
15922319,41,53,48,65,51,62,57,50,64,42,37,48,54,77,53
15922320,41,53,49,66,51,63,58,50,62,42,37,48,54,77,53
15922321,42,54,50,66,51,63,58,49,62,43,37,47,53,77,53
15922322,42,54,51,65,51,61,58,48,62,43,37,47,55,77,53
15922323,43,54,52,67,48,60,57,46,63,43,38,47,54,77,54
15922324,43,53,52,65,48,58,58,46,61,43,38,47,54,75,53
15922325,45,53,51,64,46,57,58,46,61,43,37,48,54,74,54
15922326,46,53,49,63,45,58,58,46,62,43,37,49,51,74,54
15922327,46,53,48,63,46,57,59,47,62,43,38,49,51,74,54
15922328,47,51,48,63,46,56,58,46,62,43,38,48,49,73,54
15922329,46,51,51,64,45,56,58,46,61,43,38,49,48,73,55
15922330,45,50,50,64,45,56,58,45,61,43,39,49,49,73,56
15922331,44,50,50,64,45,56,58,45,60,43,39,50,49,74,56
15922332,44,51,50,60,45,59,59,46,61,43,39,50,48,74,56
15922333,45,51,50,60,47,59,58,46,62,43,40,48,48,73,56
15922334,45,52,47,60,47,59,59,46,62,43,40,49,47,74,55
15922335,45,53,47,60,47,58,57,45,65,43,39,49,48,74,54
15922336,44,53,47,60,48,58,55,44,65,43,39,49,48,73,54
15922337,43,53,47,60,49,58,56,44,65,43,40,49,49,73,54
15922338,43,53,47,60,48,56,55,44,65,43,40,48,49,73,55
15922339,43,53,46,61,48,55,55,44,65,43,41,48,50,73,55
15922340,44,53,45,61,49,57,56,44,65,45,40,50,49,74,54
15922341,44,53,45,62,49,55,56,43,65,44,39,50,49,74,54
15922342,44,54,47,61,49,54,56,41,66,44,39,50,49,74,55
15922343,45,54,47,62,51,53,56,41,65,44,38,50,48,73,56
15922344,45,55,47,62,52,53,56,41,66,44,37,50,48,74,56
15922345,45,54,47,61,52,53,56,43,66,44,37,50,47,74,55
15922346,46,54,46,61,52,51,56,43,66,45,37,49,47,73,53
15922347,46,54,46,61,51,51,57,43,66,47,38,49,47,72,53
15922348,46,52,46,62,51,51,58,43,64,47,39,51,48,72,54
15922349,47,52,47,62,50,51,58,42,65,47,39,53,48,72,55
15922350,47,52,48,61,49,51,59,42,65,47,40,53,49,72,55
15922351,51,52,49,63,49,51,59,42,65,47,40,53,49,71,55
15922352,51,53,49,63,48,53,59,42,66,47,42,53,51,71,57
15922353,51,53,50,62,46,54,59,42,65,47,42,54,52,71,57
15922354,50,53,50,62,46,54,59,42,64,49,41,54,52,70,56
15922355,48,53,50,61,47,54,59,43,64,49,43,54,53,70,56
15922356,48,53,50,61,47,54,57,43,64,49,43,53,54,70,56
15922357,49,49,51,61,47,55,59,43,64,47,43,53,54,68,55
15922358,48,50,50,61,46,55,59,45,64,47,44,52,54,68,55
15922359,48,51,51,60,46,55,58,45,63,48,44,53,54,68,55
15922360,48,52,51,60,44,57,58,44,64,48,45,53,53,67,55
15922361,47,52,51,60,44,56,58,43,64,47,43,53,53,68,54
15922362,47,52,51,61,43,56,59,43,64,47,43,53,52,69,53
15922363,47,51,51,61,44,55,60,44,64,46,43,51,52,70,53
15922364,47,51,51,61,44,55,60,47,64,46,43,51,52,71,52
15922365,47,53,51,60,45,55,58,47,63,44,43,51,53,71,52
15922366,47,52,51,60,45,56,58,47,63,45,43,51,52,69,54
15922367,47,53,51,61,46,56,57,48,62,45,43,51,52,68,54
15922368,47,54,50,61,47,57,56,48,62,45,43,51,52,68,54
15922369,46,55,49,58,47,57,56,48,62,45,42,51,53,68,53
15922370,47,55,50,58,47,58,56,47,62,45,41,52,54,68,53
15922371,48,55,50,58,48,58,56,46,63,45,41,52,53,68,55
15922372,48,55,50,58,48,58,57,46,62,45,41,52,54,69,57
15922373,48,57,50,58,49,57,57,46,61,45,40,51,55,69,58
15922374,48,56,49,57,50,58,57,46,62,45,40,52,55,71,58
15922375,48,57,50,57,50,57,57,47,63,45,40,51,55,71,57
15922376,48,57,51,57,50,57,58,48,62,45,40,51,55,72,57
15922377,50,57,51,57,50,57,58,46,61,45,40,51,55,72,57
15922378,51,58,51,57,50,58,56,46,62,45,39,49,56,72,57
15922379,51,57,52,57,49,58,55,46,61,45,38,48,56,71,57
15922380,51,57,52,57,50,58,57,47,61,45,38,47,56,71,57
15922381,51,57,52,56,49,59,57,48,61,45,37,47,56,72,57
15922382,49,57,51,56,50,59,55,48,61,45,37,47,57,73,57
15922383,49,58,50,55,50,57,55,48,61,45,37,47,56,72,57
15922384,49,58,50,55,52,57,55,49,61,45,37,49,55,73,57
15922385,51,58,51,56,52,57,54,50,61,45,37,48,56,72,58
15922386,51,58,51,55,51,56,54,49,60,46,37,48,57,72,58
15922387,51,58,51,55,51,56,53,50,60,47,37,48,57,72,58
15922388,49,59,51,55,51,58,53,49,61,47,36,49,56,73,58
15922389,49,59,51,55,51,59,53,49,60,46,36,48,56,75,58
15922390,50,61,51,55,51,60,53,50,61,48,36,49,57,75,58
15922391,50,61,52,55,51,62,53,50,61,48,36,48,58,74,58
15922392,48,62,53,55,50,62,53,51,61,45,36,47,58,73,57
15922393,47,62,54,55,50,63,53,51,61,45,36,47,58,75,57
15922394,47,62,53,54,50,62,53,51,62,45,36,47,57,75,57
15922395,47,63,53,53,51,63,54,51,62,44,36,48,57,74,57
15922396,46,65,53,51,51,63,55,52,62,44,36,48,57,74,57
15922397,46,65,51,51,51,63,55,52,61,44,36,48,58,73,55
15922398,46,65,51,52,51,64,53,52,60,44,36,49,58,73,56
15922399,45,62,52,54,51,65,53,52,58,44,36,49,57,73,57
15922400,46,63,51,55,49,65,52,53,58,45,36,50,56,73,57
15922401,46,63,51,55,49,65,52,53,56,44,36,52,54,72,57
15922402,46,63,52,55,49,65,52,52,58,44,35,52,54,72,58
15922403,48,63,52,55,49,65,52,52,58,46,35,52,54,73,57
15922404,47,63,52,56,48,65,52,52,59,44,35,51,56,72,55
15922405,46,63,52,54,48,64,52,53,57,44,35,50,56,69,56
15922406,47,63,52,53,46,66,51,54,56,45,34,50,55,69,56
15922407,47,62,51,54,45,66,51,54,57,44,31,50,55,67,56
15922408,47,64,51,54,45,63,51,54,57,44,31,50,53,67,57
15922409,49,64,51,54,45,63,51,53,57,43,30,50,53,67,58
15922410,50,64,50,53,45,63,51,53,57,43,30,50,53,67,59
15922411,51,65,50,53,46,63,50,51,56,44,31,49,53,66,59
15922412,43,59,42,53,36,50,50,44,56,24,23,32,46,66,60
15922413,43,59,42,53,35,50,47,43,55,24,23,32,46,66,60
15922414,43,60,42,53,35,49,47,43,54,24,22,31,45,67,60
15922415,43,59,42,52,35,49,46,43,55,24,24,31,45,67,60
15922416,43,58,42,52,36,45,46,42,56,22,24,29,46,67,60
15922417,43,59,41,50,36,47,44,42,56,22,24,29,47,67,60
15922418,43,59,41,50,36,47,44,42,56,22,24,29,47,67,60
15922419,43,59,41,51,37,47,43,42,56,22,24,29,48,67,60
15922420,43,59,40,51,37,47,44,42,57,23,24,29,48,68,59
15922421,52,64,51,52,47,60,44,49,57,45,33,47,57,67,59
15922422,52,64,50,52,48,59,45,49,56,46,33,48,57,66,59
15922423,52,64,50,52,48,59,45,49,56,46,33,48,57,66,60
15922424,51,63,50,52,48,59,45,49,56,46,32,48,59,66,60
15922425,51,63,50,52,48,59,45,49,56,45,32,49,58,67,61
15922426,51,63,50,52,48,58,44,49,56,45,31,49,58,67,61
15922427,51,61,50,53,49,58,44,47,56,45,31,49,57,67,61
15922428,51,61,50,53,52,58,44,48,56,45,31,49,58,65,60
15922429,50,61,50,53,52,58,44,49,56,45,31,50,60,65,60
15922430,50,61,48,53,51,58,42,49,57,46,31,50,59,64,59
15922431,49,61,49,52,52,58,44,49,57,46,31,51,59,64,60
15922432,51,61,49,52,52,58,44,49,57,47,31,51,59,65,60
15922433,51,61,49,52,51,58,45,50,57,47,31,51,59,64,60
15922434,52,62,48,52,51,58,45,50,56,46,31,52,59,64,59
15922435,52,62,49,53,51,58,45,51,56,46,31,52,59,62,59
15922436,52,62,48,55,51,57,45,51,57,46,31,51,60,61,59
15922437,52,64,48,54,51,57,45,51,57,47,31,50,61,61,58
15922438,53,64,48,53,51,57,45,51,58,47,30,50,61,59,57
15922439,53,64,49,53,49,56,44,51,58,46,31,51,61,59,57
15922440,54,65,50,53,49,57,45,51,57,46,31,51,61,58,56
15922441,52,65,50,53,49,56,45,50,57,46,31,51,60,59,56
15922442,52,64,50,53,48,56,47,50,57,46,32,50,60,59,56
15922443,53,64,49,52,48,56,47,50,58,46,31,50,59,60,56
15922444,53,63,49,52,48,55,47,50,56,47,31,49,59,60,56
15922445,53,63,49,51,49,54,48,50,55,46,31,50,60,61,56
15922446,52,63,48,51,49,54,48,50,55,46,31,50,60,61,57
15922447,52,62,48,51,49,54,48,50,55,47,31,50,60,62,57
15922448,50,62,49,50,49,54,48,49,55,48,31,50,62,61,57
15922449,50,62,49,50,48,55,47,50,54,48,31,50,60,62,57
15922450,50,62,49,49,48,55,47,50,53,48,31,50,59,62,56
15922451,49,62,48,49,49,55,48,49,52,48,30,49,58,60,55
15922452,50,62,49,49,49,54,47,49,53,48,30,49,58,60,54
15922453,50,61,49,48,48,53,47,48,52,48,30,49,57,60,53
15922454,51,59,49,48,48,54,48,51,53,51,31,51,57,59,56
15922455,51,59,48,48,48,54,47,51,55,51,31,51,58,59,56
15922456,51,59,48,48,50,55,47,50,55,51,30,50,58,60,56
15922457,50,59,48,47,51,55,48,52,56,51,30,50,58,59,56
15922458,50,59,48,48,51,53,48,51,56,52,30,50,58,59,56
15922459,50,58,49,46,52,52,49,52,56,49,30,50,58,59,55
15922460,50,57,49,44,51,52,48,52,54,49,31,50,59,59,54
15922461,49,57,50,43,50,52,47,52,54,49,31,50,59,59,54
15922462,51,57,49,41,52,52,47,52,54,48,32,50,58,59,55
15922463,51,57,49,41,52,52,46,54,54,47,32,49,58,59,55
15922464,51,57,48,42,52,52,45,54,55,48,32,49,58,59,55
15922465,52,57,48,45,52,52,46,55,54,48,32,50,58,59,54
15922466,50,57,48,45,50,52,45,54,54,48,32,51,58,59,54
15922467,50,57,48,44,50,51,46,54,53,48,32,51,59,56,54
15922468,50,57,48,43,50,51,47,54,53,48,31,50,59,56,54
15922469,50,57,49,42,49,52,47,54,53,48,31,51,60,55,54
15922470,49,56,49,42,46,51,47,53,51,47,31,50,57,53,54
15922471,49,56,49,41,47,50,46,54,52,47,31,50,58,53,54
15922472,48,55,48,42,48,51,46,54,52,47,31,52,58,51,56
15922473,48,55,47,42,51,51,46,56,52,47,32,52,58,51,56
15922474,48,54,47,41,52,51,46,56,55,47,32,52,58,50,56
15922475,49,54,47,42,53,51,46,57,55,47,32,52,58,50,56
15922476,48,55,48,41,53,52,47,57,57,47,32,51,59,50,57
15922477,45,55,48,41,53,52,47,56,56,47,34,51,59,50,57
15922478,47,55,48,43,52,52,47,56,56,47,35,52,60,50,56
15922479,47,56,48,43,52,52,46,57,56,47,34,53,59,50,57
15922480,49,56,45,42,52,52,46,56,55,47,35,52,59,51,57
15922481,49,58,45,42,52,53,47,55,55,48,34,54,59,51,57
15922482,49,58,45,43,52,53,48,55,55,48,34,54,59,50,58
15922483,50,58,45,43,54,52,46,55,54,48,34,54,60,50,59
15922484,50,59,48,43,52,53,46,55,50,48,35,54,60,50,59
15922485,50,59,48,43,54,52,47,54,50,48,35,53,61,49,59
15922486,50,58,47,43,54,51,47,54,50,48,35,53,61,48,60
15922487,50,59,47,43,53,52,47,54,50,48,35,53,60,48,59
15922488,50,59,47,43,52,52,46,54,51,49,35,53,59,50,59
15922489,50,57,47,43,51,51,46,55,51,48,35,52,59,52,58
15922490,51,57,47,41,51,50,46,55,51,48,34,53,58,53,58
15922491,50,58,47,41,50,49,45,56,52,48,34,52,58,52,59
15922492,50,57,47,41,51,49,45,58,52,48,34,52,58,52,59
15922493,50,56,46,41,50,49,45,58,52,48,34,53,58,51,58
15922494,51,55,46,40,49,49,46,59,52,49,34,53,58,51,58
15922495,51,55,46,41,48,50,45,59,52,50,34,53,58,52,58
15922496,50,55,47,41,48,51,44,57,52,50,34,52,58,51,59
15922497,50,54,47,40,48,50,44,57,52,50,35,52,58,52,58
15922498,50,56,46,41,48,50,44,57,53,51,35,51,58,52,58
15922499,50,56,46,41,48,50,43,57,55,51,34,51,57,53,59
15922500,52,55,45,41,49,50,43,57,54,51,35,51,58,53,58
15922501,51,55,44,42,49,50,44,57,53,51,33,51,57,53,58
15922502,49,56,45,42,49,50,44,57,54,51,33,53,57,53,57
15922503,49,54,43,42,49,49,44,57,55,51,34,53,55,53,57
15922504,50,54,43,42,49,49,44,57,55,50,33,53,54,53,57
15922505,50,55,43,42,49,49,44,57,55,49,33,53,54,54,57
15922506,49,55,43,42,49,49,44,58,55,49,32,52,52,55,60
15922507,48,55,43,42,50,48,46,58,56,50,31,52,51,56,62
15922508,49,55,42,42,50,48,45,58,57,50,31,52,51,56,62
15922509,47,53,42,42,50,49,45,56,56,50,30,52,51,56,62
15922510,47,53,43,42,50,49,46,56,57,50,30,52,52,56,62
15922511,47,53,42,40,49,45,46,56,58,50,29,52,52,56,63
15922512,47,53,42,40,50,45,46,56,59,48,29,52,51,55,63
15922513,47,54,43,40,51,45,46,55,59,48,29,52,51,54,63
15922514,47,54,44,41,50,44,46,56,58,49,29,52,52,56,62
15922515,49,54,45,41,51,44,46,55,58,49,29,52,52,56,62
15922516,49,52,44,41,51,44,46,55,58,49,29,52,50,56,62
15922517,49,51,44,41,51,44,46,55,58,49,29,50,50,56,61
15922518,49,51,44,40,52,44,46,55,58,51,30,50,51,57,61
15922519,49,50,44,40,52,45,46,56,58,51,31,50,52,58,61
15922520,49,50,44,40,52,45,47,56,57,51,32,51,52,58,61
15922521,50,50,45,39,52,45,47,56,57,52,32,51,51,59,60
15922522,49,50,47,39,51,45,47,56,57,52,33,53,51,59,57
15922523,49,51,47,39,52,45,44,59,59,52,33,53,51,58,58
15922524,49,49,48,39,52,44,45,58,58,50,33,53,50,58,58
15922525,51,49,48,39,52,43,44,57,58,51,33,52,51,58,59
15922526,52,50,48,39,51,42,45,57,60,51,33,52,51,57,60
15922527,52,50,48,40,51,42,44,58,60,50,33,53,51,55,59
15922528,49,51,47,40,51,43,44,58,61,50,33,54,51,56,59
15922529,48,51,47,40,50,41,43,58,60,50,33,54,52,56,59
15922530,48,51,46,41,50,40,43,58,61,50,32,55,52,56,61
15922531,48,53,47,41,52,39,42,58,63,52,33,55,52,56,60
15922532,48,54,48,40,53,39,43,58,63,52,33,54,53,56,60
15922533,48,54,47,41,53,39,43,57,65,52,33,55,55,57,61
15922534,48,53,47,40,53,39,43,57,65,51,35,55,55,57,61
15922535,48,53,47,40,56,39,43,57,65,51,35,53,56,56,63
15922536,49,53,46,41,56,39,43,57,64,50,35,53,54,58,62
15922537,49,53,46,41,56,41,44,58,62,50,36,53,53,57,62
15922538,49,53,47,42,56,42,45,57,63,50,37,53,54,58,62
15922539,47,52,47,42,56,43,45,56,62,49,37,51,56,57,62
15922540,48,52,47,42,55,42,45,56,62,49,37,52,54,55,61
15922541,48,51,49,42,56,41,45,54,62,49,38,51,54,55,61
15922542,48,51,48,42,54,39,45,54,62,49,39,50,54,57,61
15922543,48,50,47,42,55,39,46,53,61,49,39,51,54,57,61
15922544,48,49,46,42,57,39,47,53,61,48,39,51,54,55,61
15922545,48,49,46,43,57,39,47,55,62,47,41,51,54,55,61
15922546,48,48,45,43,56,36,46,55,63,47,42,51,54,55,61
15922547,48,46,45,43,56,36,44,54,64,47,42,51,56,56,60
15922548,50,45,46,42,56,37,44,56,64,47,42,52,54,56,59
15922549,49,45,47,40,56,37,45,56,65,47,42,51,54,57,60
15922550,50,47,47,39,56,37,45,56,66,47,42,53,56,56,60
15922551,51,46,50,38,56,37,45,56,65,47,42,52,56,56,59
15922552,50,46,50,38,57,37,45,56,65,46,43,50,58,56,59
15922553,50,46,49,38,58,37,45,56,64,46,43,49,58,56,59
15922554,50,46,49,38,58,37,45,56,64,45,43,49,58,55,59
15922555,50,46,50,37,58,37,45,54,65,44,44,52,56,57,60
15922556,50,48,49,37,58,36,45,54,65,45,44,52,57,57,60
15922557,49,48,49,37,59,34,45,54,65,44,44,52,57,57,60
15922558,49,49,49,36,60,34,45,56,66,42,44,52,58,58,62
15922559,48,47,49,36,61,34,45,56,66,43,44,52,58,58,60
15922560,46,47,47,36,62,34,45,56,66,42,44,53,58,58,59
15922561,45,49,47,36,62,34,45,56,66,42,43,53,57,59,59
15922562,45,49,47,36,61,33,46,56,66,43,42,53,60,59,59
15922563,45,50,47,36,61,35,47,56,66,42,42,53,61,60,58
15922564,45,51,47,36,61,35,47,56,65,42,42,53,61,61,58
15922565,45,49,47,36,60,35,48,56,64,43,41,53,61,60,58
15922566,45,52,47,37,60,36,48,56,65,42,40,53,62,62,58
15922567,44,52,47,37,60,36,48,57,66,42,40,54,62,63,58
15922568,44,51,48,38,60,34,48,56,65,42,41,54,60,62,57
15922569,44,53,48,38,60,34,48,57,64,41,41,54,60,64,57
15922570,44,53,49,38,59,34,49,58,64,40,41,54,59,64,57
15922571,44,54,49,39,59,35,49,59,64,40,41,56,59,63,57
15922572,44,54,49,38,60,35,50,59,65,40,41,56,59,64,56
15922573,46,55,49,38,59,35,49,59,66,40,41,55,59,64,57
15922574,46,54,49,38,59,35,50,58,66,41,42,56,59,66,56
15922575,46,55,49,38,59,35,50,59,66,42,42,57,57,67,57
15922576,46,55,49,38,59,34,52,59,66,42,43,58,57,66,57
15922577,46,55,49,38,58,34,52,60,66,43,44,58,56,67,59
15922578,46,55,50,38,57,34,52,59,66,43,45,58,56,67,60
15922579,46,55,51,37,55,34,53,59,68,42,45,59,56,67,60
15922580,48,55,50,37,54,34,51,58,68,42,45,59,56,68,60
15922581,48,57,50,36,54,34,51,58,67,42,45,59,56,69,60
15922582,48,57,50,36,54,35,50,57,69,42,45,60,56,70,59
15922583,45,59,50,36,54,35,49,57,69,41,45,61,56,68,60
15922584,46,59,50,37,54,35,49,57,69,41,45,60,57,68,61
15922585,46,58,50,37,54,35,50,58,69,41,45,60,57,68,62
15922586,46,57,49,36,54,35,50,57,69,41,46,60,56,68,62
15922587,45,57,49,34,54,35,50,57,68,41,46,60,56,69,62
15922588,45,56,48,34,54,36,50,57,68,40,47,61,56,69,62
15922589,46,56,48,34,54,35,51,57,68,41,48,61,57,70,61
15922590,46,57,47,34,55,35,51,57,70,42,49,61,57,71,61
15922591,45,56,46,34,55,36,50,56,70,43,48,61,56,72,61
15922592,45,58,46,34,55,36,50,56,69,44,48,61,56,69,62
15922593,47,58,47,34,55,37,48,56,70,44,48,62,56,71,62
15922594,49,58,46,34,55,36,48,56,71,44,48,62,56,70,61
15922595,49,58,46,33,55,36,48,56,71,44,48,64,56,70,61
15922596,49,59,46,32,55,36,47,56,71,43,48,63,56,70,59
15922597,49,59,46,32,56,37,47,56,71,43,49,63,56,70,59
15922598,49,58,46,32,56,36,47,56,71,43,49,63,56,68,60
15922599,50,58,45,32,56,36,47,56,71,42,50,63,54,68,60
15922600,51,59,45,32,56,36,47,55,71,41,51,63,55,67,62
15922601,50,59,45,33,56,37,49,55,72,41,49,63,55,67,62
15922602,50,58,46,32,56,37,48,54,72,42,49,63,56,67,62
15922603,49,56,45,32,57,37,48,54,71,42,50,63,55,67,63
15922604,49,55,45,32,57,37,47,54,70,43,51,63,55,67,64
15922605,49,55,45,32,57,35,46,54,71,41,51,62,55,66,64
15922606,49,56,45,33,57,35,46,54,69,40,52,62,55,67,66
15922607,50,56,45,33,55,35,46,54,69,40,53,64,55,66,67
15922608,50,56,45,34,54,35,45,52,68,40,53,64,55,67,68
15922609,49,56,46,33,54,35,45,52,68,39,53,64,57,66,68
15922610,49,56,45,33,54,35,45,51,68,39,53,63,57,66,68
15922611,48,56,46,33,54,35,46,51,67,39,51,63,56,66,69
15922612,48,55,46,33,54,35,46,51,67,39,51,63,56,66,68
15922613,48,55,47,33,53,35,45,50,67,39,50,65,56,67,67
15922614,48,55,47,33,54,36,45,49,67,39,50,66,57,68,69
15922615,48,55,48,32,53,36,45,50,66,38,50,67,56,68,69
15922616,47,55,49,29,52,36,44,49,66,38,50,66,56,68,68
15922617,47,54,49,29,52,36,44,50,65,38,50,65,56,69,71
15922618,47,54,49,31,52,36,43,50,65,38,50,65,55,69,73
15922619,47,54,49,31,52,36,42,49,67,38,50,65,56,68,73
15922620,48,54,48,31,52,36,42,49,67,38,50,65,55,70,72
15922621,49,54,47,31,52,36,41,50,67,39,49,64,54,70,71
15922622,49,54,46,31,51,36,41,49,66,39,49,64,53,70,72
15922623,49,54,46,30,50,35,42,50,67,39,49,62,53,70,70
15922624,49,54,47,30,48,36,42,47,67,40,49,62,53,71,71
15922625,49,55,48,29,47,36,42,47,64,40,51,64,53,72,71
15922626,48,55,48,28,46,36,42,46,64,41,51,64,53,72,72
15922627,48,53,47,29,45,35,42,45,62,41,51,64,52,72,70
15922628,48,53,47,29,46,35,43,45,63,41,50,64,51,72,70
15922629,49,53,48,27,48,35,43,46,63,40,49,63,52,73,70
15922630,49,52,48,26,49,35,44,45,63,40,50,63,52,74,69
15922631,47,54,48,26,50,35,44,45,63,39,49,63,52,74,68
15922632,47,52,48,26,51,34,43,45,62,38,49,63,52,74,67
15922633,46,52,50,25,51,35,43,45,61,38,50,63,52,74,66
15922634,45,53,51,25,49,37,43,46,61,39,50,63,51,74,66
15922635,46,52,48,25,51,36,43,47,62,39,48,61,51,74,67
15922636,47,51,48,25,49,35,43,47,62,40,47,61,50,74,67
15922637,47,51,48,28,49,36,44,48,62,40,48,61,49,74,68
15922638,47,51,48,29,49,37,44,47,62,40,48,61,49,77,68
15922639,47,52,48,29,49,37,44,48,62,39,48,61,50,75,70
15922640,48,53,49,31,52,37,44,47,63,41,50,61,50,74,71
15922641,47,54,49,31,52,36,44,46,64,41,50,60,51,73,72
15922642,47,53,49,31,52,37,44,48,62,41,50,61,51,73,72
15922643,48,53,49,32,51,37,44,46,62,41,50,62,51,74,72
15922644,49,55,49,33,52,38,45,47,62,41,50,61,52,75,74
15922645,49,57,50,33,51,39,45,46,63,40,50,62,53,78,75
15922646,49,56,50,32,50,38,45,46,62,37,49,62,54,77,74
15922647,49,56,49,32,51,38,45,46,62,37,48,62,54,78,75
15922648,50,58,49,32,51,38,45,46,62,37,47,62,54,78,75
15922649,50,56,50,32,51,38,45,47,61,35,47,62,54,77,75
15922650,51,56,51,32,53,39,46,47,60,35,47,62,54,75,75
15922651,49,57,50,32,52,40,47,48,62,36,46,62,54,76,75
15922652,49,59,52,31,53,40,45,49,62,36,46,62,54,76,75
15922653,50,59,51,29,55,40,45,49,61,36,46,61,54,75,76
15922654,50,59,52,29,55,40,46,49,61,36,45,60,54,75,74
15922655,50,59,52,30,55,40,48,49,61,36,45,59,54,76,74
15922656,50,58,53,31,55,40,48,50,61,36,45,59,55,75,74
15922657,50,58,53,31,55,40,48,49,61,35,45,60,56,74,72
15922658,50,61,53,31,55,40,46,49,60,34,45,60,56,73,70
