ref_pos_1based_in_gene_span,type,ref_allele,alt_allele
17559,SNP,T,C
18450,INS,-,GA
19130,DEL,T,-
20954,SNP,G,A
21200,SNP,T,C
21710,SNP,G,A
21744,INS,-,GATGCCTGG
21914,SNP,T,C
22952,SNP,G,T
22953,SNP,C,G
23117,SNP,T,G
23144,SNP,A,G
24650,SNP,G,A
24809,DEL,CACAGGGACAGGAAGA,-
24872,INS,-,TG
25041,SNP,A,G
25138,SNP,T,C
25317,SNP,C,T
25721,SNP,T,C
26770,SNP,A,G
26789,SNP,T,C
26793,INS,-,C
26832,SNP,T,G
26958,DEL,T,-
29583,SNP,A,G
31348,DEL,AC,-
31370,SNP,G,A
32222,SNP,T,C
32582,SNP,A,G
32694,INS,-,T
32793,INS,-,TATGTA
32796,SNP,C,T
32798,SNP,G,A
32799,SNP,C,A
32801,SNP,A,C
32803,SNP,A,T
32805,SNP,T,C
32965,SNP,G,A
34728,INS,-,ACG
35564,SNP,A,C
35597,SNP,G,A
35825,SNP,A,T
36945,SNP,T,A
37118,SNP,T,C
38919,SNP,C,A
39137,SNP,T,C
40518,SNP,T,G
45484,DEL,CTTTAGAGGAGGC,-
46294,SNP,G,C
46474,SNP,A,C
46617,SNP,G,C
46620,SNP,C,T
46633,DEL,TTA,-
47129,SNP,T,G
47360,SNP,C,A
47411,SNP,G,T
47415,SNP,A,G
48400,SNP,C,T
48402,SNP,T,C
48947,SNP,T,C
